0,0.075597,0.0019951,0.047267,0.051484,0.045377,0.078288,0.04578,0.070854,0.07874,0.023496,0.05977,0.021062,0.06446,0.067117,0.0012232,0.099602,0.037989,0.093103,0.059173,0.07469,0.054888,0.049613,0.089008,0.061186,0.095694,0.030606,0.0031844,0.023289,0.0035388,0.080535,0.027279,0.051414,0.037902,0.07362,0.0080843,0.021756,0.038981,0.021448,0.073273,0.052907,0.010023,0.044696,0.06013,0.053442,0.066906,0.03242,0.043843,0.082031,0.012068,0.026591,0.0096119,0.029151,0.077682,0.015234,0.048387,0.048701,0.059407,0.0019567,0.059635,0.060743,0.028877,0.0022928,0.077125,0.043978,0.014573,0.03612,0.099396,0.040373,0.068384,0.017003,0.096745,0.09739,0.080272,0.0022309,0.060378,0.062608,0.067196,0.0294,0.051031,0.036719,0.08682,0.079143,0.050173,0.049945,0.090445,0.065097,0.01061,0.046263,0.044033,0.062356,0.059587,0.087068,0.093741,0.072749,0.047157,0.015165,0.0061672,0.020654,0.031955
0.075597,0,0.090917,0.030254,0.094111,0.090731,0.071501,0.051702,0.057637,0.081639,0.035996,0.017204,0.078578,0.011854,0.051857,0.0028341,0.0013527,0.061786,0.025494,0.0039597,0.080505,0.086132,0.049294,0.056748,0.044876,0.035932,0.07591,0.021588,0.033519,0.095862,0.0057274,0.097088,0.0042467,0.069684,0.04061,0.037027,0.019658,0.058508,0.037178,0.044315,0.075402,0.031957,0.067516,0.026937,0.045909,0.066113,0.020261,0.029691,0.041696,0.095265,0.025996,0.081,0.048478,0.032746,0.066617,0.043807,0.017622,0.07228,0.033124,0.045936,0.088023,0.065497,0.059937,0.057659,0.024235,0.055157,0.078678,0.032462,0.010289,0.054578,0.086666,0.097609,0.066024,0.056949,0.099767,0.039058,0.092976,0.05452,0.078058,0.046434,0.0036181,0.014615,0.097824,0.09281,0.060916,0.086634,0.050389,0.099922,0.09377,0.073989,0.041306,0.047811,0.0065958,0.061928,0.098481,0.069072,0.042262,0.05585,0.017501,0.08382
0.0019951,0.090917,0,0.060232,0.023095,0.067896,0.099974,0.042627,0.012765,0.073027,0.02834,0.024829,0.041951,0.043563,0.024134,0.010148,0.045876,0.07104,0.06725,0.010268,0.039399,0.0053122,0.06482,0.083034,0.008612,0.0096091,0.028133,0.0085304,0.013903,0.037381,0.018828,0.077192,0.079063,0.045231,0.051549,0.067409,0.0017692,0.019461,0.044108,0.040433,0.064457,0.039433,0.026149,0.091362,0.051868,0.030338,0.056728,0.054257,0.071782,0.061217,0.034011,0.039544,0.020076,0.0042785,0.0057671,0.015959,0.049605,0.090879,0.0056253,0.078039,0.080573,0.087181,0.064846,0.096288,0.081143,0.062523,0.054536,0.074061,0.087332,0.074909,0.063819,0.066351,0.024655,0.032981,0.0075922,0.047188,0.033138,0.0485,0.032375,0.0028882,0.029249,0.070115,0.0099187,0.0248,0.080778,0.092253,0.064439,0.066376,0.091264,0.025425,0.04187,0.081629,0.00013468,0.036781,0.053448,0.0093759,0.032421,0.014438,0.091082,0.0061059
0.047267,0.030254,0.060232,0,0.055912,0.01173,0.0020299,0.049053,0.016489,0.077101,0.098566,0.0052611,0.063098,0.028023,0.043836,0.084306,0.052089,0.0058289,0.025242,0.036119,0.077509,0.051104,0.084074,0.016786,0.097286,0.089354,0.090191,0.079688,0.033652,0.099679,0.027955,0.060585,0.072811,0.044348,0.071058,0.0026344,0.034433,0.017313,0.046703,0.0092396,0.068248,0.083857,0.069618,0.060538,0.057217,0.056684,0.048313,0.092444,0.08323,0.026351,0.078858,0.03721,0.0099033,0.046198,0.086807,0.09235,0.062185,0.012708,0.067265,0.07679,0.059903,0.071292,0.048895,0.0030706,0.043932,0.068351,0.070972,0.075131,0.061588,0.064335,0.088707,0.041975,0.04508,0.051617,0.039232,0.028894,0.041687,0.056429,0.057112,0.042495,0.084947,0.064683,0.069911,0.092113,0.061542,0.056374,0.075926,0.046956,0.06056,0.040019,0.054015,0.05737,0.030667,0.04093,0.077988,0.0057598,0.055641,0.036828,0.02696,0.020527
0.051484,0.094111,0.023095,0.055912,0,0.036993,0.065916,0.018755,0.072194,0.033259,0.049212,0.01665,0.099512,0.012991,0.062264,0.010353,0.087732,0.056505,0.094445,0.00079333,0.050775,0.01458,0.001715,0.031399,0.019866,0.038364,0.067059,0.040181,0.056615,0.075873,0.075305,0.084238,0.00954,0.024376,0.099147,0.065179,0.08353,0.091787,0.026469,0.08295,0.071194,0.016026,0.055555,0.016223,0.038424,0.065353,0.029242,0.025258,0.06694,0.069648,0.063652,0.031483,0.03064,0.057286,0.05683,0.04199,0.073198,0.076002,0.023808,0.055994,0.018507,0.073404,0.099326,0.052853,0.08878,0.067361,0.052498,0.073522,0.062386,0.01459,0.076486,0.00084746,0.025194,0.041339,0.033206,0.097455,0.033581,0.08088,0.062433,0.026176,0.04735,0.020811,0.013582,0.015194,0.040562,0.018632,0.032892,0.0067412,0.087941,0.078323,0.0074818,0.021062,0.039632,0.071957,0.099153,0.08252,0.018444,0.020119,0.018943,0.028419
0.045377,0.090731,0.067896,0.01173,0.036993,0,0.053291,0.010482,0.0027804,0.058774,0.069078,0.079421,0.014281,0.05441,0.066328,0.032069,0.015126,0.054505,0.032634,0.046467,0.039426,0.043866,0.084406,0.057657,0.00897,0.015813,0.029155,0.0049794,0.046099,0.0083353,0.040669,0.067859,0.078949,0.016773,0.015595,0.089267,0.027467,0.035455,0.089016,0.092716,0.047992,0.023317,0.0043001,0.092008,0.085608,0.06657,0.040515,0.05996,0.0557,0.052642,0.074723,0.04099,0.02027,0.052721,0.031096,0.065926,0.098786,0.0088641,0.047493,0.086976,0.093174,0.075385,0.051311,0.026778,0.010434,0.029389,0.058398,0.06745,0.029698,0.083802,0.048528,0.036294,0.07605,0.0543,0.065364,0.0081189,0.023778,0.079549,0.033736,0.036748,0.051272,0.038358,0.031561,0.022985,0.047112,0.067659,0.054818,0.050931,0.032308,0.07146,0.05704,0.043105,0.028592,0.063328,0.063659,0.009079,0.02149,1.8024e-05,0.043545,0.0733
0.078288,0.071501,0.099974,0.0020299,0.065916,0.053291,0,0.094081,0.026607,0.080557,0.01544,0.0062438,0.036887,0.033107,0.065315,0.072991,0.018518,0.097393,0.093676,0.011676,0.038281,0.045526,0.07719,0.012167,0.054303,0.064188,0.032348,0.031649,0.089155,0.051274,0.031839,0.092351,0.070716,0.064442,0.047439,0.045022,0.065756,0.0068126,0.0050406,0.082275,0.028398,0.016383,0.01666,0.010689,0.035563,0.050343,0.050276,0.02413,0.095982,0.062898,0.090319,0.051537,0.084697,0.025529,0.010337,0.041954,0.040204,0.068271,0.0055083,0.022118,0.065978,0.0062609,0.038292,0.019298,0.09369,0.014213,0.022033,0.099029,0.068396,0.013013,0.0068472,0.068964,0.052221,0.096947,0.049328,0.0428,0.040022,0.01122,0.099712,0.01694,0.021433,0.07938,0.041289,0.08359,0.00073065,0.03573,0.076166,0.055288,0.077201,0.066657,0.083091,0.043279,0.064905,0.057363,0.027327,0.020638,0.056526,0.081,0.091241,0.057037
0.04578,0.051702,0.042627,0.049053,0.018755,0.010482,0.094081,0,0.096157,0.016232,0.04433,0.0094364,0.0016838,0.0064298,0.091968,0.036589,0.092986,0.011829,0.026147,0.071853,0.088343,0.031814,0.028911,0.066834,0.016239,0.0038408,0.071677,0.087122,0.01174,0.086694,0.043858,0.097473,0.038981,0.0012675,0.047928,0.086694,0.016977,0.019642,0.044914,0.01176,0.011821,0.056859,0.058668,0.014354,0.085859,0.0031432,0.078968,0.033914,0.08947,0.062064,0.099997,0.028274,0.06981,0.080967,0.0053193,0.093549,0.088456,0.090911,0.084048,0.080955,0.069407,0.077843,0.054609,0.017387,0.03735,0.096334,0.068259,0.04399,0.042478,0.068656,0.051787,0.040464,0.010861,0.007484,0.0023318,0.008156,0.095391,0.050107,0.071431,0.073292,0.092374,0.077293,0.0025724,0.078243,0.043661,0.018018,0.015148,0.03129,0.035199,0.036715,0.029629,0.087123,0.026023,0.081443,0.060308,0.079324,0.090865,0.090307,0.019012,0.062393
0.070854,0.057637,0.012765,0.016489,0.072194,0.0027804,0.026607,0.096157,0,0.059574,0.016054,0.043401,0.051569,0.0087555,0.060716,0.051019,0.078416,0.063455,0.084227,0.066756,0.073039,0.092552,0.070063,0.018055,0.00047741,0.0066849,0.018423,0.093141,0.010618,0.065934,0.035036,0.0058077,0.090614,0.0010867,0.042391,0.075049,0.029463,0.050354,0.089546,0.01702,0.053566,0.015285,0.050939,0.063957,0.042006,0.076335,0.0093268,0.066437,0.012593,0.072012,0.097721,0.047488,0.034719,0.075494,0.097007,0.07124,0.019036,0.015418,0.059987,0.014423,0.080417,0.0016632,0.0074007,0.018394,0.016151,0.057054,0.033419,0.070401,0.073089,0.094031,0.040617,0.023686,0.06863,0.00472,0.0040732,0.085281,0.019323,0.0069766,0.0606,0.031488,0.016551,0.078171,0.061903,0.069991,0.016036,0.041346,0.091553,0.036236,0.03118,0.017929,0.064406,0.0747,0.098604,0.014637,0.063604,0.068173,0.06999,0.044065,0.070902,0.025672
0.07874,0.081639,0.073027,0.077101,0.033259,0.058774,0.080557,0.016232,0.059574,0,0.040142,0.0011778,0.061772,0.040948,0.0056975,0.025884,0.015962,0.014745,0.065062,0.05592,0.076625,0.072151,0.091304,0.017795,0.054594,0.053899,0.044033,0.042573,0.039189,0.0068854,0.04608,0.0026379,0.012735,0.041352,0.048734,0.044816,0.037061,0.039276,0.091123,0.079445,0.054712,0.067063,0.099937,0.026501,0.02304,0.078684,0.020148,0.0056811,0.045322,0.0045182,0.047598,0.0028603,0.066061,0.070834,0.0094182,0.095256,0.06668,0.093923,0.027945,0.057476,0.037967,0.034949,0.083291,0.029586,0.0014795,0.020491,0.068949,0.086929,0.063295,0.045536,0.05817,0.095674,0.066256,0.027505,0.040394,0.08839,0.06082,0.086692,0.035447,0.065642,0.02861,0.050982,0.050089,0.084789,0.04692,0.080096,0.07363,0.074924,0.080926,0.044269,0.013784,0.039664,0.067291,0.026638,0.091109,0.046999,0.088546,0.036583,0.076364,0.016957
0.023496,0.035996,0.02834,0.098566,0.049212,0.069078,0.01544,0.04433,0.016054,0.040142,0,0.017192,0.014702,0.073164,0.041528,0.057708,0.093673,0.021435,0.063454,0.056723,0.048907,0.063656,0.09449,0.081021,0.063066,0.091826,0.036452,0.086616,0.069674,0.092514,0.04122,0.070977,0.046034,0.032347,0.099428,0.060665,0.064893,0.090531,0.01598,0.037921,0.082268,0.089663,0.097855,0.00099642,0.072332,0.082393,0.0024774,0.098918,0.030337,0.080583,0.047773,0.013878,0.038438,0.082103,0.06559,0.091537,0.048939,0.094151,0.096504,0.038376,0.024986,0.066789,0.025391,0.037756,0.036635,0.02638,0.09751,0.0064188,0.091482,0.011138,0.096637,0.024655,0.090574,0.061713,0.046914,0.022625,0.015456,0.087878,0.019366,0.06628,0.00040095,0.025695,0.034479,0.012964,0.081644,0.025128,0.090863,0.080169,0.052489,0.08136,0.084453,0.016646,0.066725,0.037448,0.061564,0.089777,0.074319,0.036481,0.027215,0.023935
0.05977,0.017204,0.024829,0.0052611,0.01665,0.079421,0.0062438,0.0094364,0.043401,0.0011778,0.017192,0,0.010743,0.084461,0.047301,0.046755,0.0065391,0.0034498,0.029816,0.046663,0.040779,0.09458,0.026797,0.0057477,0.039311,0.016671,0.021351,0.048064,0.088853,0.0039355,0.094712,0.063997,0.052728,0.034461,0.0081361,0.070024,0.056778,0.024339,0.058435,0.089238,0.069185,0.067485,0.076478,0.085261,0.0093562,0.038285,0.068136,0.090399,0.012696,0.039445,0.0068609,0.011884,0.054465,0.033306,0.037082,0.018268,0.046988,0.043648,0.0087734,0.06506,0.03285,0.058258,0.017022,0.063427,0.042994,0.0090771,0.070573,0.018628,0.02658,0.0061614,0.096255,0.0038071,0.048981,0.039719,0.095382,0.047886,0.025673,0.089118,0.022028,0.05259,0.043625,0.059983,0.00077963,0.016147,0.054709,0.066499,0.060888,0.06007,0.036362,0.015075,0.082414,0.054183,0.078936,0.010306,0.094366,0.040853,0.044468,0.028787,0.029507,0.0091035
0.021062,0.078578,0.041951,0.063098,0.099512,0.014281,0.036887,0.0016838,0.051569,0.061772,0.014702,0.010743,0,0.040824,0.028293,0.073108,0.038052,0.07741,0.065323,0.037078,0.087421,0.073033,0.015436,0.058326,0.056748,0.012461,0.053355,0.090834,0.0046204,0.099072,0.094789,0.046794,0.061405,0.024418,0.0013807,0.023347,0.051224,0.023289,0.044691,0.062841,0.070809,0.065795,0.023424,0.030822,0.015323,0.035361,0.073535,0.079406,0.032043,0.016501,0.030473,0.0511,0.014027,0.048856,0.055848,0.066852,0.038486,0.02459,0.0046899,0.054716,0.097822,0.079361,0.047142,0.038001,0.042656,0.067852,0.059897,0.0005557,0.00081814,0.077619,0.09984,0.026331,0.046334,0.070685,0.028897,0.063863,0.079959,0.063701,0.0060819,0.057075,0.038448,0.056456,0.068794,0.020168,0.0041359,0.017696,0.062559,0.029602,0.06391,0.0020693,0.075267,0.0020255,0.0069405,0.073937,0.025573,0.065855,0.01186,0.083509,0.096122,0.085484
0.06446,0.011854,0.043563,0.028023,0.012991,0.05441,0.033107,0.0064298,0.0087555,0.040948,0.073164,0.084461,0.040824,0,0.027119,0.010493,0.069204,0.025767,0.097922,0.0035047,0.024763,0.052193,0.03706,0.070418,0.0083255,0.0013695,0.083227,0.025053,0.029218,0.069963,0.046044,0.055717,0.0051782,0.040985,0.098654,0.045408,0.0060419,0.0016065,0.097342,0.024722,0.01835,0.041406,0.073691,0.090853,0.090507,0.033052,0.014947,0.0084792,0.03694,0.089729,0.09231,0.093891,0.066315,0.098101,0.084939,0.0096526,0.014744,0.0071456,0.061763,0.038291,0.024526,0.0080122,0.023168,0.046391,0.0017123,0.094148,0.017131,0.086511,0.072787,0.0002714,0.051353,0.080707,0.066342,0.038747,0.065837,0.040619,0.023375,0.070083,0.078329,0.077543,0.099204,0.035446,0.035003,0.053215,0.027979,0.043209,0.035769,0.067737,0.019402,0.080864,0.091681,0.012034,0.024325,0.032602,0.019821,0.095842,0.093927,0.097588,0.02134,0.087946
0.067117,0.051857,0.024134,0.043836,0.062264,0.066328,0.065315,0.091968,0.060716,0.0056975,0.041528,0.047301,0.028293,0.027119,0,0.097972,0.0027874,0.07857,0.07013,0.086484,0.001697,0.064724,0.022281,0.09041,0.050092,0.076276,0.047279,0.052664,0.095375,0.086198,0.037018,0.0094344,0.0021533,0.0048102,0.095018,0.0047725,0.077783,0.045002,0.077711,0.08186,0.03215,0.065556,0.066668,0.045835,0.057373,0.070245,0.03099,0.092822,0.085705,0.089234,0.068617,0.035668,0.047009,0.094499,0.079604,0.098418,0.081722,0.085374,0.096851,0.015275,0.039273,0.0075888,0.030479,0.075572,0.030754,0.01532,0.084302,0.056047,0.080973,0.060677,0.0722,0.079661,0.093751,0.01256,0.066715,0.009095,0.036995,0.039758,0.01742,0.093749,0.026294,0.016106,0.098207,0.087748,0.0052741,0.009582,0.088555,0.040021,0.073177,0.035262,0.04514,0.063411,0.050987,0.059541,0.044387,0.030182,0.059645,0.021429,0.038059,0.069138
0.0012232,0.0028341,0.010148,0.084306,0.010353,0.032069,0.072991,0.036589,0.051019,0.025884,0.057708,0.046755,0.073108,0.010493,0.097972,0,0.08084,0.098158,0.049546,0.04295,0.0097446,0.073601,0.0026262,0.028948,0.0086075,0.072275,0.063236,0.024483,0.076097,0.016836,0.033673,0.08199,0.011148,0.094819,0.078428,0.061133,0.0030009,0.069553,0.095597,0.054753,0.016178,0.039803,0.062223,0.032864,0.068235,0.038389,0.033182,0.055618,0.018093,0.084507,0.028638,0.09422,0.043848,0.015252,0.072325,0.074369,0.011031,0.059474,0.012633,0.022683,0.0026477,0.049937,0.049778,0.02556,0.027028,0.066731,0.049,0.0089445,0.03766,0.03569,0.014583,0.012683,0.032687,0.0356,0.00099615,0.07014,0.031743,0.078,0.020209,0.096314,0.020556,0.052334,0.081655,0.058785,0.035158,0.030095,0.026391,0.054654,0.026287,0.022114,0.070592,0.048479,0.086573,0.089189,0.087717,0.072486,0.033101,0.066601,0.066773,0.023639
0.099602,0.0013527,0.045876,0.052089,0.087732,0.015126,0.018518,0.092986,0.078416,0.015962,0.093673,0.0065391,0.038052,0.069204,0.0027874,0.073601,0,0.08671,0.022886,0.030105,0.08084,0.087101,0.018108,0.085991,0.025199,0.085444,0.0197,0.083844,0.0055771,0.069051,0.048844,0.037473,0.05553,0.0037086,0.0074258,0.001709,0.068038,0.070595,0.023699,0.020264,0.074187,0.058553,0.085545,0.099129,0.0078246,0.0031135,0.01866,0.029219,0.0099291,0.059701,0.04339,0.030462,0.077934,0.099465,0.057125,0.021336,0.081554,0.05758,0.03714,0.031477,0.077545,0.017494,0.084346,0.068158,0.086722,0.078165,0.02596,0.042406,0.031966,0.039459,0.018684,0.012832,0.0023212,0.083802,0.071609,0.078379,0.088571,0.027903,0.0067177,0.0013838,0.0094771,0.015484,0.043657,0.032585,0.014036,0.07197,0.010462,0.064585,0.023812,0.081113,0.067636,0.099483,0.099739,0.02879,0.034839,0.07519,0.0293,0.044075,0.037416,0.061578
0.037989,0.061786,0.07104,0.0058289,0.056505,0.054505,0.097393,0.011829,0.063455,0.014745,0.021435,0.0034498,0.07741,0.025767,0.07857,0.0026262,0.018108,0,0.099712,0.065493,0.098158,0.08671,0.024385,0.040994,0.017303,0.024996,0.099755,0.052572,0.0028424,0.084848,0.085153,0.091223,0.060507,0.053398,0.041759,0.062432,0.089274,0.045999,0.0063711,0.086478,0.056672,0.081176,0.05483,0.081354,0.035207,0.045664,0.068762,0.0012561,0.0017634,0.041774,0.036741,0.022491,0.010926,0.062701,0.038513,0.061739,0.08204,0.035199,0.027367,0.010888,0.044443,0.0088348,0.082381,0.0040635,0.071806,0.09012,0.020402,0.0050988,0.089332,0.039659,0.02377,0.0065221,0.077308,0.071899,0.047176,0.068507,0.0027933,0.012677,0.078679,0.0037285,0.013894,0.090505,0.057265,0.068572,0.035983,0.038354,0.032481,0.068893,0.052236,0.01044,0.040706,0.065897,0.060983,0.074153,0.010752,0.018563,0.050408,0.041279,0.068313,0.031137
0.093103,0.025494,0.06725,0.025242,0.094445,0.032634,0.093676,0.026147,0.084227,0.065062,0.063454,0.029816,0.065323,0.097922,0.07013,0.028948,0.085991,0.040994,0,0.061637,0.049546,0.022886,0.099712,0.099799,0.0032698,0.06149,0.00023376,0.03498,0.092707,0.022952,0.0068146,0.083939,0.078404,0.052372,0.035924,0.019436,0.037102,0.0097743,0.022923,0.022225,0.074459,0.068186,0.090508,0.029506,0.035332,0.027942,0.056463,0.041829,0.079786,0.055704,0.050026,0.010881,0.069475,0.0082083,0.087719,0.03356,0.026821,0.086463,0.012912,0.03495,0.011691,0.021226,0.0057085,0.045409,0.022995,0.050916,0.091728,0.020138,0.046766,0.041935,0.091962,0.082997,0.008487,0.056665,0.0088085,0.069951,0.063018,0.085989,0.021378,0.09546,0.092946,0.070051,0.097133,0.0075487,0.020215,0.04384,0.052529,0.065571,0.080947,0.025323,0.090959,0.097233,0.002318,0.047657,0.076474,0.056838,0.084478,0.084655,0.097532,0.04519
0.059173,0.0039597,0.010268,0.036119,0.00079333,0.046467,0.011676,0.071853,0.066756,0.05592,0.056723,0.046663,0.037078,0.0035047,0.086484,0.0086075,0.025199,0.017303,0.0032698,0,0.04295,0.030105,0.065493,0.061637,0.087649,0.0048611,0.061531,0.025713,0.037059,0.01249,0.052624,0.05929,0.095476,0.0086671,0.09867,0.050582,0.062362,0.064926,0.078142,0.06012,0.028777,0.096845,0.0017759,0.087588,0.011506,0.033628,0.054421,0.099946,0.025654,0.054389,0.015761,0.060434,0.0060601,0.04458,0.074655,0.063261,0.0096805,0.0067735,0.038599,0.037341,0.099708,0.055238,0.014365,0.079701,0.031391,0.038363,0.077407,0.014438,0.092206,0.082704,0.008166,0.05866,0.053565,0.027968,0.045465,0.033077,0.023234,0.098954,0.022757,0.037347,0.080938,0.093391,0.093506,0.028718,0.029126,0.00090919,0.018099,0.020932,0.042309,0.080525,0.086144,0.08807,0.090563,0.041475,0.089628,0.0061113,0.094566,0.050236,0.066892,0.016344
0.07469,0.080505,0.039399,0.077509,0.050775,0.039426,0.038281,0.088343,0.073039,0.076625,0.048907,0.040779,0.087421,0.024763,0.001697,0.0097446,0.08084,0.098158,0.049546,0.04295,0,0.040991,0.011783,0.096014,0.0057749,0.011279,0.082447,0.016883,0.0015834,0.0051182,0.03288,0.0095933,0.019432,0.023174,0.093905,0.04798,0.069267,0.062745,0.096483,0.024642,0.0094028,0.029008,0.058587,0.031691,0.049244,0.0052184,0.093355,0.067354,0.035983,0.071848,0.044758,0.055553,0.058173,0.030606,0.0067616,0.051576,0.055698,0.020106,0.031319,0.028792,0.067899,0.0088702,0.025687,0.056577,0.0979,0.075185,0.080092,0.046059,0.067231,0.072606,0.069591,0.033932,0.079836,0.058533,0.036955,0.06733,0.071297,0.065427,0.072924,0.058425,0.087091,0.052624,0.053808,0.059274,0.07497,0.017253,0.0541,0.095455,0.062713,0.030474,0.023482,0.070458,0.078738,0.082769,0.018864,0.068328,0.084831,0.022902,0.069743,0.022719
0.054888,0.086132,0.0053122,0.051104,0.01458,0.043866,0.045526,0.031814,0.092552,0.072151,0.063656,0.09458,0.073033,0.052193,0.064724,0.073601,0.087101,0.08671,0.022886,0.030105,0.040991,0,0.082477,0.0038787,0.046759,0.034815,0.041407,0.059923,0.050364,0.063952,0.03421,0.023832,0.046668,0.038349,0.0015435,0.071055,0.078498,0.014896,0.02247,0.090302,0.058196,0.0015749,0.028112,0.095978,0.043329,0.053999,0.0031417,0.054985,0.080853,0.037279,0.091474,0.060474,0.037417,0.044869,0.0041245,0.078692,0.083154,0.090828,0.085462,0.093716,0.044211,0.0076123,0.088954,0.060743,0.094155,0.045334,0.012868,0.080121,0.012469,0.090523,0.018868,0.07577,0.054752,0.038915,0.094566,0.082088,0.0075888,0.0050049,0.071271,0.057593,0.086198,0.027474,0.091781,0.017319,0.078999,0.0083199,0.02931,0.047836,0.018015,0.070205,0.056461,0.0083358,0.050855,0.052445,0.067352,0.066873,0.054402,0.071204,0.02475,0.0043076
0.049613,0.049294,0.06482,0.084074,0.001715,0.084406,0.07719,0.028911,0.070063,0.091304,0.09449,0.026797,0.015436,0.03706,0.022281,0.0026262,0.018108,0.024385,0.099712,0.065493,0.011783,0.082477,0,0.018029,0.060735,0.047195,0.089632,0.081099,0.094915,0.0078212,0.073101,0.0023298,0.091112,0.042472,0.047326,0.069033,0.063241,0.020207,0.088482,0.063706,0.0085196,0.041013,0.074389,0.092859,0.02323,0.038094,0.066231,0.077195,0.056625,0.024019,0.008877,0.079268,0.03591,0.027236,0.085165,0.050261,0.067697,0.019261,0.079315,0.098307,0.015273,0.09399,0.024843,0.075185,0.077303,0.057041,0.03334,0.011168,0.045564,0.078263,0.081707,0.067812,0.080282,0.017321,0.024585,0.088422,0.097033,0.08284,0.022902,0.041247,0.022431,0.023059,0.07612,0.021098,0.099415,0.065513,0.096499,0.046153,0.065749,0.067895,0.050037,0.044178,0.075462,0.047624,0.051589,0.01342,0.052084,0.043218,0.087253,0.02982
0.089008,0.056748,0.083034,0.016786,0.031399,0.057657,0.012167,0.066834,0.018055,0.017795,0.081021,0.0057477,0.058326,0.070418,0.09041,0.028948,0.085991,0.040994,0.099799,0.061637,0.096014,0.0038787,0.018029,0,0.035772,0.0079532,0.051201,0.084892,0.093244,0.07707,0.083316,0.015403,0.041596,0.077362,0.089816,0.072605,0.069029,0.066271,0.094683,0.014444,0.077498,0.085722,0.021592,0.049614,0.019939,0.099844,0.077517,0.031969,0.078208,0.066881,0.037212,0.0020924,0.071743,0.023882,0.058698,0.016454,0.025518,0.013114,0.062374,0.091483,0.031132,0.050809,0.03728,0.06743,0.083114,0.032343,0.03391,0.038354,0.033718,0.032691,0.032438,0.027039,0.031558,0.0024247,0.079338,0.078267,0.040412,0.091968,0.039946,0.052981,0.068738,0.031159,0.097868,0.089149,0.08769,0.043491,0.035107,0.048116,0.029684,0.028135,0.094757,5.2199e-05,0.061101,0.086079,0.086196,0.08931,0.052622,0.041595,0.077657,0.04734
0.061186,0.044876,0.008612,0.097286,0.019866,0.00897,0.054303,0.016239,0.00047741,0.054594,0.063066,0.039311,0.056748,0.0083255,0.050092,0.0086075,0.025199,0.017303,0.0032698,0.087649,0.0057749,0.046759,0.060735,0.035772,0,0.068203,0.096169,0.084477,0.0053707,0.055713,0.070776,0.088045,0.029801,0.085297,0.014367,0.044104,0.080262,0.032945,0.018717,0.023388,0.071154,0.098282,0.0050962,0.049176,0.025713,0.052962,0.064795,0.06893,0.048781,0.0036679,0.0052508,0.098873,0.06979,0.09568,0.066101,0.050746,0.027346,0.077505,0.055212,0.026587,0.053389,0.098336,0.030859,0.073165,0.0055753,0.026842,0.022561,0.084311,0.080503,0.020166,0.08004,0.061366,0.03965,0.09146,0.090376,0.046624,0.083069,0.0085729,0.058729,0.037067,0.029981,0.036567,0.041919,0.087796,0.020671,0.064248,0.04333,0.014979,0.098925,0.019493,0.0016323,0.067862,0.042215,0.013066,0.029815,0.016966,0.062508,0.093127,0.014008,0.034371
0.095694,0.035932,0.0096091,0.089354,0.038364,0.015813,0.064188,0.0038408,0.0066849,0.053899,0.091826,0.016671,0.012461,0.0013695,0.076276,0.072275,0.085444,0.024996,0.06149,0.0048611,0.011279,0.034815,0.047195,0.0079532,0.068203,0,0.060787,0.0235,0.091455,0.0094064,0.015815,0.011896,0.025736,0.094575,0.024573,0.032863,0.037579,0.028045,0.06209,0.07852,0.0020961,0.081617,0.028183,0.09922,0.009397,0.088644,0.098473,0.036484,0.044157,0.038558,0.082236,0.0086877,0.079496,0.084024,0.058798,0.082281,0.02768,0.071366,0.023643,0.0069864,0.043154,0.071913,0.042567,0.036195,0.014228,0.073087,0.099659,0.043362,0.052617,0.065501,0.081594,0.047621,0.047066,0.084623,0.090745,0.078805,0.028584,0.092624,0.049509,0.083904,0.076905,0.099455,0.018472,0.018556,0.021029,0.051791,0.084506,0.011623,0.045021,0.026952,0.030962,0.077484,0.024658,0.012457,0.03033,0.054411,0.027881,0.014712,0.025278,0.082879
0.030606,0.07591,0.028133,0.090191,0.067059,0.029155,0.032348,0.071677,0.018423,0.044033,0.036452,0.021351,0.053355,0.083227,0.047279,0.063236,0.0197,0.099755,0.00023376,0.061531,0.082447,0.041407,0.089632,0.051201,0.096169,0.060787,0,0.050829,0.050375,0.072846,0.097682,0.085994,0.08319,0.011823,0.013147,0.05471,0.0047874,0.041151,0.086257,0.087097,0.020974,0.018944,0.013353,0.039486,0.026959,0.081557,0.095503,0.0073261,0.033795,0.078306,0.080505,0.090048,0.058494,0.088212,0.025762,0.042882,0.072629,0.046905,0.023723,0.033639,0.089139,0.071315,0.012721,0.089529,0.050429,0.00072684,0.022762,0.099127,0.0097615,0.010891,0.031704,0.020078,0.026403,0.087076,0.022558,0.02741,0.0015,0.088786,0.095702,0.057799,0.082953,0.015297,0.08873,0.030175,0.094263,0.013162,0.034033,0.068357,0.035138,0.015935,0.096642,0.091188,0.020631,0.013217,0.02211,0.0034614,0.052189,0.0019838,0.055708,0.014274
0.0031844,0.021588,0.0085304,0.079688,0.040181,0.0049794,0.031649,0.087122,0.093141,0.042573,0.086616,0.048064,0.090834,0.025053,0.052664,0.024483,0.083844,0.052572,0.03498,0.025713,0.016883,0.059923,0.081099,0.084892,0.084477,0.0235,0.050829,0,0.019154,0.042011,0.05598,0.086549,0.069454,0.018772,0.070308,0.085838,0.0103,0.085356,0.030881,0.055385,0.067739,0.0039731,0.045686,0.094727,0.019645,0.032469,0.075075,0.091789,0.0054782,0.034348,0.084305,0.02381,0.045504,0.092671,0.068049,0.015769,0.074999,0.035722,0.030579,0.088438,0.01524,0.029392,0.077707,0.097175,0.067429,0.064829,0.027221,0.036338,0.045455,0.088596,0.020328,0.05885,0.077734,0.075234,0.033414,0.0067377,0.057606,0.024267,0.089177,0.011907,0.079262,0.083239,0.097362,0.03493,0.06669,0.042929,0.065162,0.085552,0.058496,0.026076,0.084838,0.035425,0.032351,0.065271,0.013983,0.081456,0.033024,0.042402,0.050985,0.0087443
0.023289,0.033519,0.013903,0.033652,0.056615,0.046099,0.089155,0.01174,0.010618,0.039189,0.069674,0.088853,0.0046204,0.029218,0.095375,0.076097,0.0055771,0.0028424,0.092707,0.037059,0.0015834,0.050364,0.094915,0.093244,0.0053707,0.091455,0.050375,0.019154,0,0.067085,0.047215,0.089546,0.00061785,0.010912,0.033005,0.091438,0.05405,0.030453,0.017198,0.089778,0.045313,0.060591,0.022297,0.0091402,0.04175,0.026616,0.0096796,0.010276,0.069234,0.056602,0.066203,0.080926,0.018888,0.095329,0.089525,0.067489,0.035185,0.013509,0.022364,0.00081197,0.050803,0.094505,0.020815,0.0011284,0.017585,0.020453,0.034842,0.077103,0.096185,0.058731,0.016148,0.085986,0.049409,0.061208,0.0016859,0.098436,0.0057563,0.039982,0.072378,0.0718,0.061025,0.027375,0.08539,0.0177,0.0089812,0.099345,0.05274,0.014465,0.08836,0.011555,0.0099305,0.054383,0.035683,0.097823,0.095901,0.05951,0.027509,0.09468,0.097601,0.090639
0.0035388,0.095862,0.037381,0.099679,0.075873,0.0083353,0.051274,0.086694,0.065934,0.0068854,0.092514,0.0039355,0.099072,0.069963,0.086198,0.016836,0.069051,0.084848,0.022952,0.01249,0.0051182,0.063952,0.0078212,0.07707,0.055713,0.0094064,0.072846,0.042011,0.067085,0,0.039529,0.0011689,0.063715,0.045447,0.010348,0.0626,0.084933,0.075969,0.072414,0.094833,0.049322,0.073054,0.055327,0.038275,0.0017978,0.027781,0.046907,0.074845,0.0017722,0.031826,0.096104,0.061509,0.016563,0.0062521,0.038113,0.027663,0.095373,0.011212,0.016094,0.014736,0.072532,0.040574,0.079096,0.054534,0.039016,0.065449,0.036732,0.066871,0.044726,0.078129,0.091136,0.073959,0.062691,0.020102,0.041757,0.046579,0.060448,0.010426,0.0091086,0.0087503,0.014337,0.091269,0.0048129,0.01799,0.048903,0.038066,0.0067469,0.044321,0.081236,0.054792,0.004152,0.065316,0.0408,0.058863,0.068068,0.04058,0.037291,0.073077,0.077991,0.090376
0.080535,0.0057274,0.018828,0.027955,0.075305,0.040669,0.031839,0.043858,0.035036,0.04608,0.04122,0.094712,0.094789,0.046044,0.037018,0.033673,0.048844,0.085153,0.0068146,0.052624,0.03288,0.03421,0.073101,0.083316,0.070776,0.015815,0.097682,0.05598,0.047215,0.039529,0,0.07961,0.081501,0.020217,0.022132,0.051721,0.053247,0.05472,0.058611,0.02993,0.035268,0.0048225,0.0071151,0.073052,0.019196,0.075444,0.010415,0.078429,0.042142,0.099308,0.059784,0.027921,0.087743,0.090778,0.031434,0.037479,0.095161,0.048263,0.089046,0.028848,0.072741,0.0099457,0.085278,0.070893,0.091847,0.027667,0.054079,0.014024,0.015864,0.059663,0.070728,0.084839,0.051224,0.025709,0.081623,0.014933,0.061718,0.095633,0.031562,0.026786,0.092155,0.04717,0.020244,0.078145,0.015446,0.083894,0.030256,0.0017446,0.068277,0.066006,0.090912,0.017754,0.05144,0.041723,0.080479,0.064404,0.098632,0.031191,0.024295,0.023456
0.027279,0.097088,0.077192,0.060585,0.084238,0.067859,0.092351,0.097473,0.0058077,0.0026379,0.070977,0.063997,0.046794,0.055717,0.0094344,0.08199,0.037473,0.091223,0.083939,0.05929,0.0095933,0.023832,0.0023298,0.015403,0.088045,0.011896,0.085994,0.086549,0.089546,0.0011689,0.07961,0,0.066132,0.028332,0.085017,0.053748,0.090861,0.077782,0.045627,0.04995,0.06119,0.079222,0.0097494,0.074619,0.026542,0.097893,0.037215,0.035314,0.088138,0.0027324,0.087839,0.065091,0.042795,0.086857,0.015775,0.03968,0.059993,0.09259,0.077615,0.013265,0.080677,0.0040228,0.00050805,0.092897,0.096232,0.085859,0.054879,0.0096631,0.058322,0.017449,0.012068,0.051458,0.084448,0.0009588,0.084104,0.03727,0.078274,0.017488,0.018065,0.009982,0.042314,0.098611,0.083052,0.067622,0.087553,0.004869,0.0494,0.0091545,0.099416,0.044136,0.055382,0.098479,0.090879,0.00089615,0.053621,0.036634,0.075335,0.015508,0.008868,0.05078
0.051414,0.0042467,0.079063,0.072811,0.00954,0.078949,0.070716,0.038981,0.090614,0.012735,0.046034,0.052728,0.061405,0.0051782,0.0021533,0.011148,0.05553,0.060507,0.078404,0.095476,0.019432,0.046668,0.091112,0.041596,0.029801,0.025736,0.08319,0.069454,0.00061785,0.063715,0.081501,0.066132,0,0.034016,0.078812,0.0161,0.0089655,0.078706,0.045382,0.039367,0.045687,0.039528,0.032432,0.017341,0.059661,0.064246,0.0069776,0.0021157,0.00014805,0.027254,0.0052432,0.088688,0.041207,0.0011051,0.067092,0.013212,0.07166,0.022615,0.087944,0.0041011,0.069205,0.039511,0.082327,0.0034078,0.076007,0.039125,0.010648,0.097407,0.095459,0.0080462,0.064038,0.03411,0.0801,0.033929,0.0084058,0.040353,0.054502,0.050917,0.010465,0.039733,0.012865,0.0087278,0.032337,0.053955,0.088482,0.01798,0.066842,0.068016,0.022054,0.048915,0.084235,0.00027325,0.011694,0.089584,0.082146,0.099997,0.044599,0.098911,0.080345,0.055063
0.037902,0.069684,0.045231,0.044348,0.024376,0.016773,0.064442,0.0012675,0.0010867,0.041352,0.032347,0.034461,0.024418,0.040985,0.0048102,0.094819,0.0037086,0.053398,0.052372,0.0086671,0.023174,0.038349,0.042472,0.077362,0.085297,0.094575,0.011823,0.018772,0.010912,0.045447,0.020217,0.028332,0.034016,0,0.018567,0.013823,0.086395,0.094382,0.011831,0.094905,0.029488,0.0059785,0.062882,0.036196,0.011649,0.085224,0.091174,0.0016422,0.05007,0.050234,0.0023191,0.038087,0.050038,0.024095,0.053172,0.096623,0.08968,0.0089469,0.08005,0.090215,0.054205,0.059786,0.028351,0.091505,0.0072998,0.072523,0.048538,0.014834,0.08472,0.082875,0.014895,0.01812,0.049567,0.074939,0.096979,0.055866,0.047401,0.042292,0.028037,0.06504,0.0073386,0.060371,0.088826,0.062131,0.065927,0.070321,0.099631,0.09426,0.091907,0.09523,0.03135,0.019577,0.018004,0.097529,0.026243,0.070605,0.084578,0.08529,0.070319,0.063833
0.07362,0.04061,0.051549,0.071058,0.099147,0.015595,0.047439,0.047928,0.042391,0.048734,0.099428,0.0081361,0.0013807,0.098654,0.095018,0.078428,0.0074258,0.041759,0.035924,0.09867,0.093905,0.0015435,0.047326,0.089816,0.014367,0.024573,0.013147,0.070308,0.033005,0.010348,0.022132,0.085017,0.078812,0.018567,0,0.059546,0.085745,0.011263,5.5745e-05,0.093961,0.083774,0.062074,0.075173,0.066136,0.015374,0.085524,0.059991,0.033899,0.07548,0.036967,0.020523,0.086858,0.055481,0.092998,0.081094,0.096116,0.011423,0.050707,0.0083407,0.096499,0.013154,0.0011009,0.010997,0.057807,0.042301,0.028253,0.037521,0.035614,0.0086257,0.015347,0.0081501,0.008183,0.086714,0.02816,0.015115,0.07948,0.033173,0.063442,0.099195,0.094366,0.056999,0.0038331,0.013205,0.026226,0.0027001,0.029785,0.063541,0.046385,0.089507,0.019777,0.052003,0.046825,0.046911,0.099142,0.069571,0.01968,0.050142,0.06736,0.092565,0.057279
0.0080843,0.037027,0.067409,0.0026344,0.065179,0.089267,0.045022,0.086694,0.075049,0.044816,0.060665,0.070024,0.023347,0.045408,0.0047725,0.061133,0.001709,0.062432,0.019436,0.050582,0.04798,0.071055,0.069033,0.072605,0.044104,0.032863,0.05471,0.085838,0.091438,0.0626,0.051721,0.053748,0.0161,0.013823,0.059546,0,0.08829,0.086659,0.090423,0.073354,0.034772,0.016519,0.044605,0.062777,0.042094,0.055886,0.09813,0.072046,0.067551,0.022194,0.057773,0.09129,0.042619,0.046018,0.051493,0.001401,0.043484,0.030097,0.0163,0.042429,0.044555,0.030045,0.041866,0.014044,0.017793,0.039176,0.053433,0.017018,0.085743,0.0061486,0.074479,0.046307,0.049711,0.00038556,0.0776,0.026629,0.028047,0.054682,0.043907,0.024982,0.013808,0.029386,0.095385,0.031218,0.095805,0.042325,0.077109,0.095874,0.089094,0.083714,0.019535,0.055689,0.031214,0.092228,0.085103,0.082957,0.055187,0.026952,0.040248,0.053147
0.021756,0.019658,0.0017692,0.034433,0.08353,0.027467,0.065756,0.016977,0.029463,0.037061,0.064893,0.056778,0.051224,0.0060419,0.077783,0.0030009,0.068038,0.089274,0.037102,0.062362,0.069267,0.078498,0.063241,0.069029,0.080262,0.037579,0.0047874,0.0103,0.05405,0.084933,0.053247,0.090861,0.0089655,0.086395,0.085745,0.08829,0,0.08497,0.015882,0.035027,0.097017,0.032933,0.023143,0.072474,0.0044102,0.025309,0.091276,0.09014,0.01811,0.038638,0.077126,0.091111,0.079368,0.044775,0.018858,0.050937,0.084435,0.077496,0.0026172,0.015436,0.049159,0.034749,0.016045,0.030896,0.026003,0.027975,0.076198,0.077342,0.09427,0.058988,0.019291,0.0091349,0.09618,0.0030492,0.050242,0.036316,0.085035,0.012909,0.020299,0.031045,0.012069,0.048532,0.023106,0.085371,0.064596,0.053377,0.025855,0.049868,0.028268,0.029899,0.0013121,0.02541,0.093196,0.018216,0.0087153,0.030249,0.074276,0.090255,0.025517,0.09191
0.038981,0.058508,0.019461,0.017313,0.091787,0.035455,0.0068126,0.019642,0.050354,0.039276,0.090531,0.024339,0.023289,0.0016065,0.045002,0.069553,0.070595,0.045999,0.0097743,0.064926,0.062745,0.014896,0.020207,0.066271,0.032945,0.028045,0.041151,0.085356,0.030453,0.075969,0.05472,0.077782,0.078706,0.094382,0.011263,0.086659,0.08497,0,0.084608,0.03386,0.040247,0.026994,0.056774,0.06726,0.047771,0.037663,0.050037,0.047366,0.099602,0.080427,0.087209,0.088049,0.041821,0.0071533,0.077852,0.019509,0.06297,0.00073747,0.032241,0.098942,0.069886,0.068819,0.0055533,0.024792,0.041672,0.056574,0.057082,0.07536,0.099131,0.046556,7.0739e-05,0.058952,0.0072833,0.069145,0.072519,0.012055,0.021133,0.049518,0.074116,0.061305,0.038007,0.016866,0.0053978,0.005909,0.0090006,0.077163,0.019888,0.078357,0.031277,0.064307,0.094655,0.099496,0.087776,0.056208,0.096579,0.052302,0.027242,0.026571,0.073993,0.0015941
0.021448,0.037178,0.044108,0.046703,0.026469,0.089016,0.0050406,0.044914,0.089546,0.091123,0.01598,0.058435,0.044691,0.097342,0.077711,0.095597,0.023699,0.0063711,0.022923,0.078142,0.096483,0.02247,0.088482,0.094683,0.018717,0.06209,0.086257,0.030881,0.017198,0.072414,0.058611,0.045627,0.045382,0.011831,5.5745e-05,0.090423,0.015882,0.084608,0,0.078895,0.05244,0.054109,0.021289,0.0042894,0.095113,0.054504,0.0047345,0.0055742,0.089146,0.078463,0.0080858,0.021597,0.021929,0.050291,0.090495,0.085302,0.082025,0.025114,0.02047,0.069859,0.05274,0.033679,0.076543,0.0047295,0.02326,0.037699,0.016199,0.020083,0.081055,0.046237,0.0021632,0.084034,0.037743,0.02722,0.078153,0.051716,0.013519,0.050036,0.097617,0.070218,0.099523,0.060893,0.059378,0.033636,0.0282,0.023802,0.023863,0.066822,0.051613,0.048065,0.053397,0.044664,0.098941,0.049994,0.070092,0.062486,0.038635,0.085365,0.040561,0.020733
0.073273,0.044315,0.040433,0.0092396,0.08295,0.092716,0.082275,0.01176,0.01702,0.079445,0.037921,0.089238,0.062841,0.024722,0.08186,0.054753,0.020264,0.086478,0.022225,0.06012,0.024642,0.090302,0.063706,0.014444,0.023388,0.07852,0.087097,0.055385,0.089778,0.094833,0.02993,0.04995,0.039367,0.094905,0.093961,0.073354,0.035027,0.03386,0.078895,0,0.051036,0.085373,0.027184,0.029976,0.089156,0.0044818,0.069408,0.040777,0.069599,0.065541,0.085004,0.0014207,0.065101,0.038078,0.05637,0.085288,0.0073181,0.066521,0.05274,0.068423,0.022583,0.012683,0.086085,0.019861,0.017107,0.012941,0.019651,0.088656,0.024798,0.090934,0.04022,0.0040552,0.059092,0.0098666,0.095211,0.079521,0.056278,0.042752,0.05044,0.028764,0.035081,0.050465,0.090565,0.094249,0.076695,0.062561,0.051919,0.0375,0.092591,0.0061264,0.010044,0.0055288,0.019438,0.086441,0.0075536,0.00047512,0.075361,0.041913,0.053923,0.058276
0.052907,0.075402,0.064457,0.068248,0.071194,0.047992,0.028398,0.011821,0.053566,0.054712,0.082268,0.069185,0.070809,0.01835,0.03215,0.016178,0.074187,0.056672,0.074459,0.028777,0.0094028,0.058196,0.0085196,0.077498,0.071154,0.0020961,0.020974,0.067739,0.045313,0.049322,0.035268,0.06119,0.045687,0.029488,0.083774,0.034772,0.097017,0.040247,0.05244,0.051036,0,0.043221,0.017591,0.048737,0.091117,0.033469,0.0074033,0.033576,0.010201,0.035743,0.093043,0.0092013,0.093082,0.034915,0.059977,0.05743,0.097976,0.019606,0.0033912,0.03964,0.047625,0.053303,0.079202,0.029814,0.043467,0.015257,0.0030267,0.044007,0.026632,0.015944,0.059111,0.038485,0.021585,0.038147,0.060859,0.090333,0.068695,0.060374,0.095808,0.018709,0.090753,0.078565,0.082883,0.013024,0.01959,0.0718,0.061869,0.0067799,0.053416,0.048325,0.04514,0.069643,0.081941,0.03686,0.094284,0.077537,0.049347,0.0085687,0.015875,0.074123
0.010023,0.031957,0.039433,0.083857,0.016026,0.023317,0.016383,0.056859,0.015285,0.067063,0.089663,0.067485,0.065795,0.041406,0.065556,0.039803,0.058553,0.081176,0.068186,0.096845,0.029008,0.0015749,0.041013,0.085722,0.098282,0.081617,0.018944,0.0039731,0.060591,0.073054,0.0048225,0.079222,0.039528,0.0059785,0.062074,0.016519,0.032933,0.026994,0.054109,0.085373,0.043221,0,0.077561,0.034393,0.021506,0.080258,0.053236,0.03041,0.087168,0.033902,0.053762,0.071936,0.020015,0.00065717,0.061991,0.031696,0.071974,0.099362,0.015756,0.099088,0.0043581,0.090425,0.029718,0.098957,0.022503,0.070738,0.049119,0.043872,0.01055,0.079398,0.0047134,0.052991,0.067644,0.063334,0.030429,0.014054,0.036264,0.0087608,0.09241,0.05285,0.046959,0.014092,0.092461,0.075643,0.0024929,0.021887,0.0099882,0.064704,0.067958,0.063812,0.074855,0.023766,0.061421,0.090352,0.096246,0.02124,0.066518,0.093546,0.096961,0.052643
0.044696,0.067516,0.026149,0.069618,0.055555,0.0043001,0.01666,0.058668,0.050939,0.099937,0.097855,0.076478,0.023424,0.073691,0.066668,0.062223,0.085545,0.05483,0.090508,0.0017759,0.058587,0.028112,0.074389,0.021592,0.0050962,0.028183,0.013353,0.045686,0.022297,0.055327,0.0071151,0.0097494,0.032432,0.062882,0.075173,0.044605,0.023143,0.056774,0.021289,0.027184,0.017591,0.077561,0,0.0075561,0.062527,0.049356,0.063131,0.029649,0.090835,0.00527,0.0052655,0.030838,0.079395,0.076974,0.065054,0.038675,0.096651,0.075618,0.060388,0.090994,0.08135,0.028273,0.086361,0.09734,0.09474,0.026774,0.011704,0.068387,0.028966,0.067273,0.00031674,0.064834,0.066711,0.034102,0.089544,0.022657,0.068694,0.021541,0.051427,0.027843,0.026437,0.034425,0.041095,0.0066598,0.013174,0.048928,0.040624,0.044339,0.011246,0.038515,0.053209,0.029969,0.023523,0.06153,0.038875,0.020398,0.090187,0.082357,0.056556,0.095777
0.06013,0.026937,0.091362,0.060538,0.016223,0.092008,0.010689,0.014354,0.063957,0.026501,0.00099642,0.085261,0.030822,0.090853,0.045835,0.032864,0.099129,0.081354,0.029506,0.087588,0.031691,0.095978,0.092859,0.049614,0.049176,0.09922,0.039486,0.094727,0.0091402,0.038275,0.073052,0.074619,0.017341,0.036196,0.066136,0.062777,0.072474,0.06726,0.0042894,0.029976,0.048737,0.034393,0.0075561,0,0.0014954,0.02588,0.084668,0.097142,0.090608,0.086286,0.08868,0.021307,0.039088,0.097075,0.013197,0.076481,0.034797,0.032847,0.057921,0.014613,0.019982,0.052761,0.073225,0.050019,0.037752,0.083515,0.055366,0.011164,0.016134,0.0919,0.057638,0.010925,0.07549,0.063094,0.035781,0.030664,0.034459,0.036235,0.035227,0.044886,0.025429,0.014533,0.056241,0.094801,0.034901,0.088591,0.097119,0.015011,0.060659,0.026199,0.092846,0.025605,0.079211,0.07721,0.057694,0.07948,0.033429,0.093245,0.013014,0.098595
0.053442,0.045909,0.051868,0.057217,0.038424,0.085608,0.035563,0.085859,0.042006,0.02304,0.072332,0.0093562,0.015323,0.090507,0.057373,0.068235,0.0078246,0.035207,0.035332,0.011506,0.049244,0.043329,0.02323,0.019939,0.025713,0.009397,0.026959,0.019645,0.04175,0.0017978,0.019196,0.026542,0.059661,0.011649,0.015374,0.042094,0.0044102,0.047771,0.095113,0.089156,0.091117,0.021506,0.062527,0.0014954,0,0.028468,0.062368,0.057529,0.056714,0.0073851,0.015985,0.011714,0.050184,0.036556,0.025155,0.068043,0.059793,0.054122,0.054035,0.043419,0.052315,0.07948,0.0060883,0.058954,0.035932,0.01707,0.036907,0.055382,0.073469,0.056175,0.035055,0.075774,0.078124,0.065314,0.011843,0.050365,0.082915,0.023018,0.063535,0.0039385,0.015959,0.048842,0.066173,0.065367,0.068953,0.099957,0.065055,0.0072437,0.027968,0.06078,0.039492,0.0087146,0.043343,0.073157,0.081716,0.02699,0.029557,0.063703,0.0531,0.079841
0.066906,0.066113,0.030338,0.056684,0.065353,0.06657,0.050343,0.0031432,0.076335,0.078684,0.082393,0.038285,0.035361,0.033052,0.070245,0.038389,0.0031135,0.045664,0.027942,0.033628,0.0052184,0.053999,0.038094,0.099844,0.052962,0.088644,0.081557,0.032469,0.026616,0.027781,0.075444,0.097893,0.064246,0.085224,0.085524,0.055886,0.025309,0.037663,0.054504,0.0044818,0.033469,0.080258,0.049356,0.02588,0.028468,0,0.0075724,0.023737,0.040824,0.06846,0.079575,0.03633,0.091334,0.043483,0.069087,0.01253,0.048322,0.047835,0.095621,0.04075,0.072839,0.030455,0.066735,0.07323,0.099116,0.067709,0.041378,0.097008,0.044272,0.020139,0.01623,0.039406,0.061584,0.091667,0.036117,0.022055,0.066091,0.014024,0.027472,0.093761,0.056006,0.046985,0.015821,0.010325,0.0095606,0.078656,0.078291,0.076826,0.011533,0.041692,0.016016,0.056742,0.012968,0.097356,0.0076544,0.083079,0.06181,0.098652,0.023743,0.072725
0.03242,0.020261,0.056728,0.048313,0.029242,0.040515,0.050276,0.078968,0.0093268,0.020148,0.0024774,0.068136,0.073535,0.014947,0.03099,0.033182,0.01866,0.068762,0.056463,0.054421,0.093355,0.0031417,0.066231,0.077517,0.064795,0.098473,0.095503,0.075075,0.0096796,0.046907,0.010415,0.037215,0.0069776,0.091174,0.059991,0.09813,0.091276,0.050037,0.0047345,0.069408,0.0074033,0.053236,0.063131,0.084668,0.062368,0.0075724,0,0.091166,0.010064,0.057359,0.03073,0.033281,0.040549,0.087089,0.038126,0.061984,0.083074,0.021677,0.063089,0.093962,0.0058248,0.0014585,0.0072597,0.09955,0.032591,0.024304,0.030537,0.060325,0.074153,0.025511,0.062324,0.0035316,0.080991,0.071819,0.043662,0.037356,0.035532,0.07179,0.033946,0.011809,0.019379,0.084055,0.086255,0.040027,0.049922,0.016283,0.0079982,0.017779,0.087323,0.036424,0.084649,0.026614,0.057025,0.079141,0.086531,0.099726,0.018248,0.062925,0.086002,0.015639
0.043843,0.029691,0.054257,0.092444,0.025258,0.05996,0.02413,0.033914,0.066437,0.0056811,0.098918,0.090399,0.079406,0.0084792,0.092822,0.055618,0.029219,0.0012561,0.041829,0.099946,0.067354,0.054985,0.077195,0.031969,0.06893,0.036484,0.0073261,0.091789,0.010276,0.074845,0.078429,0.035314,0.0021157,0.0016422,0.033899,0.072046,0.09014,0.047366,0.0055742,0.040777,0.033576,0.03041,0.029649,0.097142,0.057529,0.023737,0.091166,0,0.054388,0.043095,0.065248,0.060879,0.063968,0.0090617,0.055923,0.068767,0.0071397,0.07935,0.060011,0.039375,0.042103,0.074497,0.0097001,0.095201,0.089233,0.064738,0.036968,0.065395,0.099917,0.06222,0.055104,0.0062574,0.029008,0.011294,0.070652,0.038192,0.0081616,0.028403,0.079907,0.052399,0.0098468,0.05326,0.040716,0.057021,0.013197,0.062692,0.048056,0.021528,0.066919,0.0050079,0.016375,0.0032025,0.012784,0.046016,0.018137,0.039538,0.021215,0.042909,0.091989,0.0849
0.082031,0.041696,0.071782,0.08323,0.06694,0.0557,0.095982,0.08947,0.012593,0.045322,0.030337,0.012696,0.032043,0.03694,0.085705,0.018093,0.0099291,0.0017634,0.079786,0.025654,0.035983,0.080853,0.056625,0.078208,0.048781,0.044157,0.033795,0.0054782,0.069234,0.0017722,0.042142,0.088138,0.00014805,0.05007,0.07548,0.067551,0.01811,0.099602,0.089146,0.069599,0.010201,0.087168,0.090835,0.090608,0.056714,0.040824,0.010064,0.054388,0,0.048619,0.087429,0.0010912,0.040063,0.095874,0.019737,0.076028,0.046427,0.063821,0.0047951,0.079885,0.0079583,0.028481,0.051625,0.00046135,0.036996,0.033426,0.029167,0.066861,0.082471,0.037601,0.084942,0.00099908,0.02602,0.068503,0.089449,0.073612,0.060067,0.056736,0.023793,0.078265,0.030027,0.081733,0.080194,0.063199,0.062685,0.032639,0.006652,0.057317,0.014415,0.050481,0.085406,0.064009,0.021793,0.076492,0.083467,0.089964,0.080635,0.027702,0.058504,0.0051551
0.012068,0.095265,0.061217,0.026351,0.069648,0.052642,0.062898,0.062064,0.072012,0.0045182,0.080583,0.039445,0.016501,0.089729,0.089234,0.084507,0.059701,0.041774,0.055704,0.054389,0.071848,0.037279,0.024019,0.066881,0.0036679,0.038558,0.078306,0.034348,0.056602,0.031826,0.099308,0.0027324,0.027254,0.050234,0.036967,0.022194,0.038638,0.080427,0.078463,0.065541,0.035743,0.033902,0.00527,0.086286,0.0073851,0.06846,0.057359,0.043095,0.048619,0,0.014538,0.0088534,0.017964,0.052387,0.078479,0.022713,0.020843,0.076457,0.022566,0.00026891,0.051353,0.092799,0.073186,0.089028,0.00024075,0.046171,0.087363,0.043411,0.057687,0.035895,0.040139,0.057591,0.0060246,0.023783,0.010988,0.081044,0.08972,0.010146,0.01902,0.032553,0.023131,0.075453,0.018319,0.026977,0.054386,0.059954,0.043464,0.063646,0.078021,0.062037,0.084316,0.06009,0.046776,0.09721,0.084104,0.053084,0.010872,0.082933,0.034099,0.064426
0.026591,0.025996,0.034011,0.078858,0.063652,0.074723,0.090319,0.099997,0.097721,0.047598,0.047773,0.0068609,0.030473,0.09231,0.068617,0.028638,0.04339,0.036741,0.050026,0.015761,0.044758,0.091474,0.008877,0.037212,0.0052508,0.082236,0.080505,0.084305,0.066203,0.096104,0.059784,0.087839,0.0052432,0.0023191,0.020523,0.057773,0.077126,0.087209,0.0080858,0.085004,0.093043,0.053762,0.0052655,0.08868,0.015985,0.079575,0.03073,0.065248,0.087429,0.014538,0,0.055498,0.086637,0.032772,0.062049,0.022429,0.069878,0.073981,0.035826,0.052118,0.056599,0.00057853,0.028421,0.024389,0.076093,0.070652,0.064306,0.051,0.049263,0.0028651,0.0054022,0.076131,0.072193,0.087821,0.087228,0.075118,0.095296,0.09459,0.087322,0.061887,0.060588,0.0039028,0.098772,0.074009,0.060379,0.074861,0.054613,0.021965,0.038913,0.09467,0.048447,0.019107,0.048974,0.025603,0.050862,0.0082251,0.067731,0.092946,0.099418,0.044188
0.0096119,0.081,0.039544,0.03721,0.031483,0.04099,0.051537,0.028274,0.047488,0.0028603,0.013878,0.011884,0.0511,0.093891,0.035668,0.09422,0.030462,0.022491,0.010881,0.060434,0.055553,0.060474,0.079268,0.0020924,0.098873,0.0086877,0.090048,0.02381,0.080926,0.061509,0.027921,0.065091,0.088688,0.038087,0.086858,0.09129,0.091111,0.088049,0.021597,0.0014207,0.0092013,0.071936,0.030838,0.021307,0.011714,0.03633,0.033281,0.060879,0.0010912,0.0088534,0.055498,0,0.08892,0.049101,0.022965,0.0015016,0.073194,0.012716,0.073594,0.071139,0.029365,0.047183,0.098487,0.0086881,0.042666,0.035665,0.075129,0.022998,0.023368,0.076737,0.099814,0.0087062,0.044606,0.062959,0.0087325,0.020259,0.043094,0.036486,0.0010717,0.0075559,0.047821,0.010437,0.085995,0.037375,0.080454,0.086253,0.085728,0.044657,0.031491,0.074648,0.077395,0.068791,0.019345,0.091574,0.052002,0.041855,0.019488,0.095458,0.068112,0.0013319
0.029151,0.048478,0.020076,0.0099033,0.03064,0.02027,0.084697,0.06981,0.034719,0.066061,0.038438,0.054465,0.014027,0.066315,0.047009,0.043848,0.077934,0.010926,0.069475,0.0060601,0.058173,0.037417,0.03591,0.071743,0.06979,0.079496,0.058494,0.045504,0.018888,0.016563,0.087743,0.042795,0.041207,0.050038,0.055481,0.042619,0.079368,0.041821,0.021929,0.065101,0.093082,0.020015,0.079395,0.039088,0.050184,0.091334,0.040549,0.063968,0.040063,0.017964,0.086637,0.08892,0,0.070915,0.0089151,0.058533,0.0080464,0.068403,0.052798,0.02222,0.086858,0.013773,0.057945,0.089753,0.013019,0.030758,0.081872,0.055138,0.015373,0.023738,0.0043258,0.006291,0.012388,0.0056543,0.021569,0.0052002,0.092172,0.063507,0.081271,0.003913,0.092895,0.029011,0.082384,0.077298,0.052239,0.0061527,0.039221,0.070918,0.086111,0.088528,0.084543,0.031048,0.012013,0.033459,0.03669,0.0018904,0.037179,0.016692,0.017886,0.014804
0.077682,0.032746,0.0042785,0.046198,0.057286,0.052721,0.025529,0.080967,0.075494,0.070834,0.082103,0.033306,0.048856,0.098101,0.094499,0.015252,0.099465,0.062701,0.0082083,0.04458,0.030606,0.044869,0.027236,0.023882,0.09568,0.084024,0.088212,0.092671,0.095329,0.0062521,0.090778,0.086857,0.0011051,0.024095,0.092998,0.046018,0.044775,0.0071533,0.050291,0.038078,0.034915,0.00065717,0.076974,0.097075,0.036556,0.043483,0.087089,0.0090617,0.095874,0.052387,0.032772,0.049101,0.070915,0,0.098187,0.073277,0.039879,0.074728,0.070963,0.028874,0.073616,0.028569,0.093734,0.089907,0.085199,0.074083,0.081004,0.059028,0.071816,0.066591,0.012597,0.064014,0.070852,0.069965,0.00075432,0.097123,0.056023,0.096592,0.046482,0.0074436,0.043188,0.05447,0.040561,0.074274,0.010105,0.060731,0.082937,0.001823,0.091519,0.045039,0.039974,0.04265,0.067558,0.018145,0.09236,0.090152,0.053972,0.018037,0.023584,0.061794
0.015234,0.066617,0.0057671,0.086807,0.05683,0.031096,0.010337,0.0053193,0.097007,0.0094182,0.06559,0.037082,0.055848,0.084939,0.079604,0.072325,0.057125,0.038513,0.087719,0.074655,0.0067616,0.0041245,0.085165,0.058698,0.066101,0.058798,0.025762,0.068049,0.089525,0.038113,0.031434,0.015775,0.067092,0.053172,0.081094,0.051493,0.018858,0.077852,0.090495,0.05637,0.059977,0.061991,0.065054,0.013197,0.025155,0.069087,0.038126,0.055923,0.019737,0.078479,0.062049,0.022965,0.0089151,0.098187,0,0.086456,0.092252,0.035808,0.049564,0.080356,0.06634,0.053815,0.023863,0.026016,0.047054,0.078394,0.03898,0.081295,0.060057,0.074849,0.045812,0.090488,0.098192,0.043051,0.039484,0.0010802,0.093543,0.053432,0.039632,0.085048,0.061126,0.012153,0.006863,0.094398,0.067841,0.041507,0.025858,0.055747,0.027234,0.057733,0.055993,0.038152,0.099016,0.043434,0.070023,0.037496,0.025114,0.094771,0.07364,0.093365
0.048387,0.043807,0.015959,0.09235,0.04199,0.065926,0.041954,0.093549,0.07124,0.095256,0.091537,0.018268,0.066852,0.0096526,0.098418,0.074369,0.021336,0.061739,0.03356,0.063261,0.051576,0.078692,0.050261,0.016454,0.050746,0.082281,0.042882,0.015769,0.067489,0.027663,0.037479,0.03968,0.013212,0.096623,0.096116,0.001401,0.050937,0.019509,0.085302,0.085288,0.05743,0.031696,0.038675,0.076481,0.068043,0.01253,0.061984,0.068767,0.076028,0.022713,0.022429,0.0015016,0.058533,0.073277,0.086456,0,0.043647,0.019062,0.079407,0.089439,0.096202,0.033751,0.084489,0.074565,0.001299,0.053563,0.004423,0.081592,0.051416,0.072844,0.080232,0.041002,0.043917,0.023461,0.0674,0.051136,5.082e-05,0.0032645,0.041545,0.081009,0.0076165,0.060567,0.061072,0.0097803,0.081854,0.041407,0.0050662,0.054833,0.085445,0.062246,0.051727,0.062468,0.065719,0.076057,0.099073,0.0011844,0.071915,0.063207,0.055546,0.063859
0.048701,0.017622,0.049605,0.062185,0.073198,0.098786,0.040204,0.088456,0.019036,0.06668,0.048939,0.046988,0.038486,0.014744,0.081722,0.011031,0.081554,0.08204,0.026821,0.0096805,0.055698,0.083154,0.067697,0.025518,0.027346,0.02768,0.072629,0.074999,0.035185,0.095373,0.095161,0.059993,0.07166,0.08968,0.011423,0.043484,0.084435,0.06297,0.082025,0.0073181,0.097976,0.071974,0.096651,0.034797,0.059793,0.048322,0.083074,0.0071397,0.046427,0.020843,0.069878,0.073194,0.0080464,0.039879,0.092252,0.043647,0,0.057439,0.020674,0.081161,0.088788,0.08137,0.045182,0.039838,0.0939,0.021387,0.0024134,0.021498,0.084156,0.081429,0.040375,0.078169,0.017168,0.066372,0.078957,0.014545,0.043238,0.033401,0.03052,0.031774,0.0025131,0.066007,0.099098,0.031935,0.037602,0.037303,0.091398,0.00097311,0.0066246,0.02394,0.029223,0.078455,0.022641,0.091636,0.096897,0.050115,0.032116,0.054644,0.0039626,0.091993
0.059407,0.07228,0.090879,0.012708,0.076002,0.0088641,0.068271,0.090911,0.015418,0.093923,0.094151,0.043648,0.02459,0.0071456,0.085374,0.059474,0.05758,0.035199,0.086463,0.0067735,0.020106,0.090828,0.019261,0.013114,0.077505,0.071366,0.046905,0.035722,0.013509,0.011212,0.048263,0.09259,0.022615,0.0089469,0.050707,0.030097,0.077496,0.00073747,0.025114,0.066521,0.019606,0.099362,0.075618,0.032847,0.054122,0.047835,0.021677,0.07935,0.063821,0.076457,0.073981,0.012716,0.068403,0.074728,0.035808,0.019062,0.057439,0,0.094185,0.065858,0.092842,0.05233,0.0062413,0.068807,0.037737,0.03835,0.087186,0.070207,0.028367,0.074008,0.075478,0.050599,0.00079602,0.059139,0.051921,0.053749,0.060521,0.0083891,0.047848,0.072277,0.013363,0.03606,0.043664,6.1099e-05,7.2029e-06,0.024261,0.07087,0.045227,0.063425,0.013017,0.092161,0.059463,0.082799,0.050179,0.0092728,0.044338,0.0037639,0.064661,0.055715,0.074079
0.0019567,0.033124,0.0056253,0.067265,0.023808,0.047493,0.0055083,0.084048,0.059987,0.027945,0.096504,0.0087734,0.0046899,0.061763,0.096851,0.012633,0.03714,0.027367,0.012912,0.038599,0.031319,0.085462,0.079315,0.062374,0.055212,0.023643,0.023723,0.030579,0.022364,0.016094,0.089046,0.077615,0.087944,0.08005,0.0083407,0.0163,0.0026172,0.032241,0.02047,0.05274,0.0033912,0.015756,0.060388,0.057921,0.054035,0.095621,0.063089,0.060011,0.0047951,0.022566,0.035826,0.073594,0.052798,0.070963,0.049564,0.079407,0.020674,0.094185,0,0.098724,0.07127,0.018611,0.0075773,0.00023421,0.086728,0.06013,0.090599,0.088024,0.050097,0.064452,0.03398,0.026241,0.02772,0.075556,0.055552,0.08955,0.079017,0.078803,0.030448,0.08482,0.014795,0.026655,0.015858,0.049793,0.0016285,0.050762,0.068363,0.033611,0.087876,0.025351,0.040301,0.065158,0.037267,0.037472,0.03706,0.085244,0.081186,0.099024,0.097523,0.037865
0.059635,0.045936,0.078039,0.07679,0.055994,0.086976,0.022118,0.080955,0.014423,0.057476,0.038376,0.06506,0.054716,0.038291,0.015275,0.022683,0.031477,0.010888,0.03495,0.037341,0.028792,0.093716,0.098307,0.091483,0.026587,0.0069864,0.033639,0.088438,0.00081197,0.014736,0.028848,0.013265,0.0041011,0.090215,0.096499,0.042429,0.015436,0.098942,0.069859,0.068423,0.03964,0.099088,0.090994,0.014613,0.043419,0.04075,0.093962,0.039375,0.079885,0.00026891,0.052118,0.071139,0.02222,0.028874,0.080356,0.089439,0.081161,0.065858,0.098724,0,0.0083296,0.088045,0.078743,0.084044,0.087287,0.080866,0.03169,0.026522,0.010687,0.0099002,0.034394,0.03792,0.044719,0.032698,0.049354,0.045392,0.097333,0.040287,0.030263,0.0061623,0.047611,0.088892,0.088683,0.096837,0.025953,0.097806,0.076026,0.034743,0.011676,0.023231,0.090937,0.058943,0.069747,0.077158,0.053016,0.050086,0.004531,0.081309,0.070883,0.036141
0.060743,0.088023,0.080573,0.059903,0.018507,0.093174,0.065978,0.069407,0.080417,0.037967,0.024986,0.03285,0.097822,0.024526,0.039273,0.0026477,0.077545,0.044443,0.011691,0.099708,0.067899,0.044211,0.015273,0.031132,0.053389,0.043154,0.089139,0.01524,0.050803,0.072532,0.072741,0.080677,0.069205,0.054205,0.013154,0.044555,0.049159,0.069886,0.05274,0.022583,0.047625,0.0043581,0.08135,0.019982,0.052315,0.072839,0.0058248,0.042103,0.0079583,0.051353,0.056599,0.029365,0.086858,0.073616,0.06634,0.096202,0.088788,0.092842,0.07127,0.0083296,0,0.0055614,0.010733,0.079167,0.0021665,0.0095068,0.076094,0.08423,0.032792,0.09994,0.061214,0.047254,0.0040318,0.07325,0.093535,0.016868,0.084688,0.01303,0.083023,0.066344,0.041086,0.037512,0.01637,0.0024041,0.094277,0.045789,0.0030832,0.043625,0.092157,0.025018,0.048359,0.015915,0.064495,0.018976,0.0080593,0.01122,0.029752,0.091336,0.096641,0.092666
0.028877,0.065497,0.087181,0.071292,0.073404,0.075385,0.0062609,0.077843,0.0016632,0.034949,0.066789,0.058258,0.079361,0.0080122,0.0075888,0.049937,0.017494,0.0088348,0.021226,0.055238,0.0088702,0.0076123,0.09399,0.050809,0.098336,0.071913,0.071315,0.029392,0.094505,0.040574,0.0099457,0.0040228,0.039511,0.059786,0.0011009,0.030045,0.034749,0.068819,0.033679,0.012683,0.053303,0.090425,0.028273,0.052761,0.07948,0.030455,0.0014585,0.074497,0.028481,0.092799,0.00057853,0.047183,0.013773,0.028569,0.053815,0.033751,0.08137,0.05233,0.018611,0.088045,0.0055614,0,0.098955,0.027421,0.087391,0.076773,0.064891,0.080504,0.065672,0.04181,0.094061,0.071977,0.0057064,0.0029376,0.089175,0.037586,0.099772,0.070862,0.049773,0.082294,0.077934,0.067437,0.00017359,0.049993,0.040085,0.097631,0.062013,0.038562,0.060486,0.020507,0.040913,0.0042133,0.0025331,0.047699,0.070431,0.07914,0.030392,0.055912,0.089962,0.040795
0.0022928,0.059937,0.064846,0.048895,0.099326,0.051311,0.038292,0.054609,0.0074007,0.083291,0.025391,0.017022,0.047142,0.023168,0.030479,0.049778,0.084346,0.082381,0.0057085,0.014365,0.025687,0.088954,0.024843,0.03728,0.030859,0.042567,0.012721,0.077707,0.020815,0.079096,0.085278,0.00050805,0.082327,0.028351,0.010997,0.041866,0.016045,0.0055533,0.076543,0.086085,0.079202,0.029718,0.086361,0.073225,0.0060883,0.066735,0.0072597,0.0097001,0.051625,0.073186,0.028421,0.098487,0.057945,0.093734,0.023863,0.084489,0.045182,0.0062413,0.0075773,0.078743,0.010733,0.098955,0,0.08475,0.087031,0.087343,0.082299,0.036582,0.087678,0.007598,0.017716,0.057947,0.0043887,0.010858,0.058357,0.026763,0.06473,0.066154,0.061747,0.010436,0.058928,0.032382,0.086436,0.041624,0.014994,0.0043576,0.051674,0.062755,0.0045065,0.078909,0.069906,0.013702,0.029773,0.058116,0.034697,0.093483,0.053639,0.031286,0.058017,0.0016093
0.077125,0.057659,0.096288,0.0030706,0.052853,0.026778,0.019298,0.017387,0.018394,0.029586,0.037756,0.063427,0.038001,0.046391,0.075572,0.02556,0.068158,0.0040635,0.045409,0.079701,0.056577,0.060743,0.075185,0.06743,0.073165,0.036195,0.089529,0.097175,0.0011284,0.054534,0.070893,0.092897,0.0034078,0.091505,0.057807,0.014044,0.030896,0.024792,0.0047295,0.019861,0.029814,0.098957,0.09734,0.050019,0.058954,0.07323,0.09955,0.095201,0.00046135,0.089028,0.024389,0.0086881,0.089753,0.089907,0.026016,0.074565,0.039838,0.068807,0.00023421,0.084044,0.079167,0.027421,0.08475,0,0.010719,0.083097,0.085152,0.073204,0.07621,0.074125,0.011756,0.046757,0.065537,0.087833,0.051462,0.098607,0.015646,0.027876,0.06739,0.009373,0.021927,0.080922,0.097404,0.082718,0.030496,0.055215,0.057099,0.070689,0.0034714,0.0465,0.084015,0.028267,0.090562,0.085736,0.011229,0.085589,0.01202,0.044396,0.071334,0.0088012
0.043978,0.024235,0.081143,0.043932,0.08878,0.010434,0.09369,0.03735,0.016151,0.0014795,0.036635,0.042994,0.042656,0.0017123,0.030754,0.027028,0.086722,0.071806,0.022995,0.031391,0.0979,0.094155,0.077303,0.083114,0.0055753,0.014228,0.050429,0.067429,0.017585,0.039016,0.091847,0.096232,0.076007,0.0072998,0.042301,0.017793,0.026003,0.041672,0.02326,0.017107,0.043467,0.022503,0.09474,0.037752,0.035932,0.099116,0.032591,0.089233,0.036996,0.00024075,0.076093,0.042666,0.013019,0.085199,0.047054,0.001299,0.0939,0.037737,0.086728,0.087287,0.0021665,0.087391,0.087031,0.010719,0,0.091711,0.027728,0.056886,0.081185,0.099971,0.045872,0.025876,0.0031445,0.032843,0.035041,0.089896,0.0027744,0.049352,0.019778,0.059757,0.088832,0.0089176,0.072157,0.071872,0.016569,0.087538,0.057993,0.023985,0.012689,0.0079811,0.019082,0.075692,0.065823,0.067146,0.09419,0.015501,0.079527,0.026596,0.084369,0.07059
0.014573,0.055157,0.062523,0.068351,0.067361,0.029389,0.014213,0.096334,0.057054,0.020491,0.02638,0.0090771,0.067852,0.094148,0.01532,0.066731,0.078165,0.09012,0.050916,0.038363,0.075185,0.045334,0.057041,0.032343,0.026842,0.073087,0.00072684,0.064829,0.020453,0.065449,0.027667,0.085859,0.039125,0.072523,0.028253,0.039176,0.027975,0.056574,0.037699,0.012941,0.015257,0.070738,0.026774,0.083515,0.01707,0.067709,0.024304,0.064738,0.033426,0.046171,0.070652,0.035665,0.030758,0.074083,0.078394,0.053563,0.021387,0.03835,0.06013,0.080866,0.0095068,0.076773,0.087343,0.083097,0.091711,0,0.01145,0.031697,0.047832,0.054897,0.097638,0.064336,0.086123,0.098154,0.0169,0.063066,0.09474,0.074187,0.041346,0.064436,0.091726,0.034075,0.072066,0.0041973,0.037415,0.029948,0.020997,0.069335,0.086536,0.0056451,0.086644,0.041502,0.030199,0.019345,0.020735,0.0081301,0.050255,0.014272,0.068829,0.089941
0.03612,0.078678,0.054536,0.070972,0.052498,0.058398,0.022033,0.068259,0.033419,0.068949,0.09751,0.070573,0.059897,0.017131,0.084302,0.049,0.02596,0.020402,0.091728,0.077407,0.080092,0.012868,0.03334,0.03391,0.022561,0.099659,0.022762,0.027221,0.034842,0.036732,0.054079,0.054879,0.010648,0.048538,0.037521,0.053433,0.076198,0.057082,0.016199,0.019651,0.0030267,0.049119,0.011704,0.055366,0.036907,0.041378,0.030537,0.036968,0.029167,0.087363,0.064306,0.075129,0.081872,0.081004,0.03898,0.004423,0.0024134,0.087186,0.090599,0.03169,0.076094,0.064891,0.082299,0.085152,0.027728,0.01145,0,0.032667,0.028483,0.059314,0.07935,0.0038296,0.019609,0.059218,0.064726,0.031033,0.010419,0.046918,0.059484,0.0071074,0.064469,0.050082,0.054994,0.076457,0.066423,0.0062944,0.082702,0.019507,0.052408,0.064844,0.061676,0.014565,0.058084,0.093351,0.00098048,0.062826,0.022799,0.076705,0.016247,0.082993
0.099396,0.032462,0.074061,0.075131,0.073522,0.06745,0.099029,0.04399,0.070401,0.086929,0.0064188,0.018628,0.0005557,0.086511,0.056047,0.0089445,0.042406,0.0050988,0.020138,0.014438,0.046059,0.080121,0.011168,0.038354,0.084311,0.043362,0.099127,0.036338,0.077103,0.066871,0.014024,0.0096631,0.097407,0.014834,0.035614,0.017018,0.077342,0.07536,0.020083,0.088656,0.044007,0.043872,0.068387,0.011164,0.055382,0.097008,0.060325,0.065395,0.066861,0.043411,0.051,0.022998,0.055138,0.059028,0.081295,0.081592,0.021498,0.070207,0.088024,0.026522,0.08423,0.080504,0.036582,0.073204,0.056886,0.031697,0.032667,0,0.045346,0.015441,0.015704,0.0060638,0.023099,0.025951,0.015084,0.055893,0.056114,0.088727,0.038637,0.095671,0.038867,0.013179,0.060202,0.018303,0.073166,0.059399,0.031836,0.043782,0.018816,0.011891,0.044225,0.073402,0.037065,0.059893,0.086856,0.0096957,0.083128,0.060901,0.01404,0.048504
0.040373,0.010289,0.087332,0.061588,0.062386,0.029698,0.068396,0.042478,0.073089,0.063295,0.091482,0.02658,0.00081814,0.072787,0.080973,0.03766,0.031966,0.089332,0.046766,0.092206,0.067231,0.012469,0.045564,0.033718,0.080503,0.052617,0.0097615,0.045455,0.096185,0.044726,0.015864,0.058322,0.095459,0.08472,0.0086257,0.085743,0.09427,0.099131,0.081055,0.024798,0.026632,0.01055,0.028966,0.016134,0.073469,0.044272,0.074153,0.099917,0.082471,0.057687,0.049263,0.023368,0.015373,0.071816,0.060057,0.051416,0.084156,0.028367,0.050097,0.010687,0.032792,0.065672,0.087678,0.07621,0.081185,0.047832,0.028483,0.045346,0,0.063665,0.079003,0.073966,0.0093668,0.035229,0.013242,0.077421,0.076531,0.03593,0.061025,0.011343,0.09429,0.096559,0.010606,0.059606,0.013497,0.019072,0.044252,0.065431,0.0083342,0.049841,0.065396,0.06695,0.016907,0.06539,0.067863,0.0033433,0.011344,0.021777,0.034558,0.027489
0.068384,0.054578,0.074909,0.064335,0.01459,0.083802,0.013013,0.068656,0.094031,0.045536,0.011138,0.0061614,0.077619,0.0002714,0.060677,0.03569,0.039459,0.039659,0.041935,0.082704,0.072606,0.090523,0.078263,0.032691,0.020166,0.065501,0.010891,0.088596,0.058731,0.078129,0.059663,0.017449,0.0080462,0.082875,0.015347,0.0061486,0.058988,0.046556,0.046237,0.090934,0.015944,0.079398,0.067273,0.0919,0.056175,0.020139,0.025511,0.06222,0.037601,0.035895,0.0028651,0.076737,0.023738,0.066591,0.074849,0.072844,0.081429,0.074008,0.064452,0.0099002,0.09994,0.04181,0.007598,0.074125,0.099971,0.054897,0.059314,0.015441,0.063665,0,0.071719,0.0021821,0.091551,0.04874,0.010386,0.0082168,0.053969,0.075911,0.0016158,0.00043099,0.061195,0.040858,0.068864,0.059953,0.024843,0.029575,0.01839,0.019529,0.027664,0.061881,0.011844,0.063547,0.004142,0.037543,0.01717,0.032361,0.099932,0.046935,0.081274,0.04646
0.017003,0.086666,0.063819,0.088707,0.076486,0.048528,0.0068472,0.051787,0.040617,0.05817,0.096637,0.096255,0.09984,0.051353,0.0722,0.014583,0.018684,0.02377,0.091962,0.008166,0.069591,0.018868,0.081707,0.032438,0.08004,0.081594,0.031704,0.020328,0.016148,0.091136,0.070728,0.012068,0.064038,0.014895,0.0081501,0.074479,0.019291,7.0739e-05,0.0021632,0.04022,0.059111,0.0047134,0.00031674,0.057638,0.035055,0.01623,0.062324,0.055104,0.084942,0.040139,0.0054022,0.099814,0.0043258,0.012597,0.045812,0.080232,0.040375,0.075478,0.03398,0.034394,0.061214,0.094061,0.017716,0.011756,0.045872,0.097638,0.07935,0.015704,0.079003,0.071719,0,0.064911,0.016285,0.027668,0.082062,0.072781,0.047195,0.0074013,0.051681,0.063078,0.084694,0.097123,0.082555,0.084732,0.097638,0.02354,0.026432,0.077454,0.010064,0.022698,0.071203,0.054285,0.098237,0.032807,0.017666,0.064505,0.07583,0.079468,0.0004961,0.070302
0.096745,0.097609,0.066351,0.041975,0.00084746,0.036294,0.068964,0.040464,0.023686,0.095674,0.024655,0.0038071,0.026331,0.080707,0.079661,0.012683,0.012832,0.0065221,0.082997,0.05866,0.033932,0.07577,0.067812,0.027039,0.061366,0.047621,0.020078,0.05885,0.085986,0.073959,0.084839,0.051458,0.03411,0.01812,0.008183,0.046307,0.0091349,0.058952,0.084034,0.0040552,0.038485,0.052991,0.064834,0.010925,0.075774,0.039406,0.0035316,0.0062574,0.00099908,0.057591,0.076131,0.0087062,0.006291,0.064014,0.090488,0.041002,0.078169,0.050599,0.026241,0.03792,0.047254,0.071977,0.057947,0.046757,0.025876,0.064336,0.0038296,0.0060638,0.073966,0.0021821,0.064911,0,0.035345,0.080207,0.010695,0.045266,0.070758,0.0010799,0.054045,0.085188,0.017792,0.063709,0.078801,0.085938,0.070385,0.06308,0.0073339,0.0064769,0.089126,0.096225,0.010294,0.025207,0.058489,0.0032114,0.089586,0.058428,0.051846,0.058607,0.023773,0.076301
0.09739,0.066024,0.024655,0.04508,0.025194,0.07605,0.052221,0.010861,0.06863,0.066256,0.090574,0.048981,0.046334,0.066342,0.093751,0.032687,0.0023212,0.077308,0.008487,0.053565,0.079836,0.054752,0.080282,0.031558,0.03965,0.047066,0.026403,0.077734,0.049409,0.062691,0.051224,0.084448,0.0801,0.049567,0.086714,0.049711,0.09618,0.0072833,0.037743,0.059092,0.021585,0.067644,0.066711,0.07549,0.078124,0.061584,0.080991,0.029008,0.02602,0.0060246,0.072193,0.044606,0.012388,0.070852,0.098192,0.043917,0.017168,0.00079602,0.02772,0.044719,0.0040318,0.0057064,0.0043887,0.065537,0.0031445,0.086123,0.019609,0.023099,0.0093668,0.091551,0.016285,0.035345,0,0.026591,0.036038,0.01448,0.027527,0.058552,0.093757,0.044613,0.091264,0.046062,0.010027,0.015314,0.042759,0.0037771,0.074952,0.0030503,0.086517,0.075,0.056721,0.00739,0.061813,0.043845,0.0080977,0.067218,0.047662,0.091357,0.0031866,0.099156
0.080272,0.056949,0.032981,0.051617,0.041339,0.0543,0.096947,0.007484,0.00472,0.027505,0.061713,0.039719,0.070685,0.038747,0.01256,0.0356,0.083802,0.071899,0.056665,0.027968,0.058533,0.038915,0.017321,0.0024247,0.09146,0.084623,0.087076,0.075234,0.061208,0.020102,0.025709,0.0009588,0.033929,0.074939,0.02816,0.00038556,0.0030492,0.069145,0.02722,0.0098666,0.038147,0.063334,0.034102,0.063094,0.065314,0.091667,0.071819,0.011294,0.068503,0.023783,0.087821,0.062959,0.0056543,0.069965,0.043051,0.023461,0.066372,0.059139,0.075556,0.032698,0.07325,0.0029376,0.010858,0.087833,0.032843,0.098154,0.059218,0.025951,0.035229,0.04874,0.027668,0.080207,0.026591,0,0.075781,0.0087861,0.046984,0.085702,0.093942,0.087419,0.016256,0.025156,0.09155,0.073549,0.014381,0.044909,0.039093,0.099817,0.028834,0.038837,0.073733,0.038718,0.028002,0.082111,0.0071843,0.079269,0.027251,0.075201,0.067694,0.07198
0.0022309,0.099767,0.0075922,0.039232,0.033206,0.065364,0.049328,0.0023318,0.0040732,0.040394,0.046914,0.095382,0.028897,0.065837,0.066715,0.00099615,0.071609,0.047176,0.0088085,0.045465,0.036955,0.094566,0.024585,0.079338,0.090376,0.090745,0.022558,0.033414,0.0016859,0.041757,0.081623,0.084104,0.0084058,0.096979,0.015115,0.0776,0.050242,0.072519,0.078153,0.095211,0.060859,0.030429,0.089544,0.035781,0.011843,0.036117,0.043662,0.070652,0.089449,0.010988,0.087228,0.0087325,0.021569,0.00075432,0.039484,0.0674,0.078957,0.051921,0.055552,0.049354,0.093535,0.089175,0.058357,0.051462,0.035041,0.0169,0.064726,0.015084,0.013242,0.010386,0.082062,0.010695,0.036038,0.075781,0,0.089695,0.086452,0.057972,0.041759,0.081919,0.013126,0.017796,0.036198,0.086362,0.045854,0.021375,0.062329,0.069379,0.012183,0.029398,0.091897,0.095467,0.090224,0.06523,0.0023435,0.038019,0.096316,0.080933,0.085161,0.045697
0.060378,0.039058,0.047188,0.028894,0.097455,0.0081189,0.0428,0.008156,0.085281,0.08839,0.022625,0.047886,0.063863,0.040619,0.009095,0.07014,0.078379,0.068507,0.069951,0.033077,0.06733,0.082088,0.088422,0.078267,0.046624,0.078805,0.02741,0.0067377,0.098436,0.046579,0.014933,0.03727,0.040353,0.055866,0.07948,0.026629,0.036316,0.012055,0.051716,0.079521,0.090333,0.014054,0.022657,0.030664,0.050365,0.022055,0.037356,0.038192,0.073612,0.081044,0.075118,0.020259,0.0052002,0.097123,0.0010802,0.051136,0.014545,0.053749,0.08955,0.045392,0.016868,0.037586,0.026763,0.098607,0.089896,0.063066,0.031033,0.055893,0.077421,0.0082168,0.072781,0.045266,0.01448,0.0087861,0.089695,0,0.058834,0.095325,0.029319,0.01774,0.027643,0.058902,0.032467,0.09494,0.060025,0.038779,0.014614,0.094837,0.073235,0.089823,0.087961,0.0024173,0.043998,0.099447,0.057251,0.0079293,0.031945,0.072701,0.076941,0.051387
0.062608,0.092976,0.033138,0.041687,0.033581,0.023778,0.040022,0.095391,0.019323,0.06082,0.015456,0.025673,0.079959,0.023375,0.036995,0.031743,0.088571,0.0027933,0.063018,0.023234,0.071297,0.0075888,0.097033,0.040412,0.083069,0.028584,0.0015,0.057606,0.0057563,0.060448,0.061718,0.078274,0.054502,0.047401,0.033173,0.028047,0.085035,0.021133,0.013519,0.056278,0.068695,0.036264,0.068694,0.034459,0.082915,0.066091,0.035532,0.0081616,0.060067,0.08972,0.095296,0.043094,0.092172,0.056023,0.093543,5.082e-05,0.043238,0.060521,0.079017,0.097333,0.084688,0.099772,0.06473,0.015646,0.0027744,0.09474,0.010419,0.056114,0.076531,0.053969,0.047195,0.070758,0.027527,0.046984,0.086452,0.058834,0,0.033816,0.00061068,0.011384,0.034635,0.015952,0.095665,0.038324,0.075414,0.0033661,0.037218,0.088791,0.024151,0.0386,0.037025,0.059134,0.024269,0.059987,0.032539,0.043419,0.045295,0.084538,0.057645,0.035521
0.067196,0.05452,0.0485,0.056429,0.08088,0.079549,0.01122,0.050107,0.0069766,0.086692,0.087878,0.089118,0.063701,0.070083,0.039758,0.078,0.027903,0.012677,0.085989,0.098954,0.065427,0.0050049,0.08284,0.091968,0.0085729,0.092624,0.088786,0.024267,0.039982,0.010426,0.095633,0.017488,0.050917,0.042292,0.063442,0.054682,0.012909,0.049518,0.050036,0.042752,0.060374,0.0087608,0.021541,0.036235,0.023018,0.014024,0.07179,0.028403,0.056736,0.010146,0.09459,0.036486,0.063507,0.096592,0.053432,0.0032645,0.033401,0.0083891,0.078803,0.040287,0.01303,0.070862,0.066154,0.027876,0.049352,0.074187,0.046918,0.088727,0.03593,0.075911,0.0074013,0.0010799,0.058552,0.085702,0.057972,0.095325,0.033816,0,0.035084,0.04534,0.0088431,0.040169,0.0090819,0.0093471,0.018624,0.094454,0.01476,0.096237,0.006922,0.0012075,0.070904,0.088438,0.0043488,0.051867,0.052491,0.078547,0.053322,0.061589,0.02688,0.048458
0.0294,0.078058,0.032375,0.057112,0.062433,0.033736,0.099712,0.071431,0.0606,0.035447,0.019366,0.022028,0.0060819,0.078329,0.01742,0.020209,0.0067177,0.078679,0.021378,0.022757,0.072924,0.071271,0.022902,0.039946,0.058729,0.049509,0.095702,0.089177,0.072378,0.0091086,0.031562,0.018065,0.010465,0.028037,0.099195,0.043907,0.020299,0.074116,0.097617,0.05044,0.095808,0.09241,0.051427,0.035227,0.063535,0.027472,0.033946,0.079907,0.023793,0.01902,0.087322,0.0010717,0.081271,0.046482,0.039632,0.041545,0.03052,0.047848,0.030448,0.030263,0.083023,0.049773,0.061747,0.06739,0.019778,0.041346,0.059484,0.038637,0.061025,0.0016158,0.051681,0.054045,0.093757,0.093942,0.041759,0.029319,0.00061068,0.035084,0,0.093261,0.019205,0.063818,0.075382,0.019896,0.082297,0.045936,0.035593,0.010066,0.035447,0.013363,0.038078,0.05819,0.01219,0.0072206,0.040191,0.030488,0.078338,0.061352,0.091612,0.071122
0.051031,0.046434,0.0028882,0.042495,0.026176,0.036748,0.01694,0.073292,0.031488,0.065642,0.06628,0.05259,0.057075,0.077543,0.093749,0.096314,0.0013838,0.0037285,0.09546,0.037347,0.058425,0.057593,0.041247,0.052981,0.037067,0.083904,0.057799,0.011907,0.0718,0.0087503,0.026786,0.009982,0.039733,0.06504,0.094366,0.024982,0.031045,0.061305,0.070218,0.028764,0.018709,0.05285,0.027843,0.044886,0.0039385,0.093761,0.011809,0.052399,0.078265,0.032553,0.061887,0.0075559,0.003913,0.0074436,0.085048,0.081009,0.031774,0.072277,0.08482,0.0061623,0.066344,0.082294,0.010436,0.009373,0.059757,0.064436,0.0071074,0.095671,0.011343,0.00043099,0.063078,0.085188,0.044613,0.087419,0.081919,0.01774,0.011384,0.04534,0.093261,0,0.032619,0.070071,0.037571,0.036088,0.022885,0.079051,0.048208,0.09006,0.042306,0.063246,0.044511,0.071632,0.049738,0.066295,0.062923,0.073403,0.041234,0.00096807,0.083665,0.081815
0.036719,0.0036181,0.029249,0.084947,0.04735,0.051272,0.021433,0.092374,0.016551,0.02861,0.00040095,0.043625,0.038448,0.099204,0.026294,0.020556,0.0094771,0.013894,0.092946,0.080938,0.087091,0.086198,0.022431,0.068738,0.029981,0.076905,0.082953,0.079262,0.061025,0.014337,0.092155,0.042314,0.012865,0.0073386,0.056999,0.013808,0.012069,0.038007,0.099523,0.035081,0.090753,0.046959,0.026437,0.025429,0.015959,0.056006,0.019379,0.0098468,0.030027,0.023131,0.060588,0.047821,0.092895,0.043188,0.061126,0.0076165,0.0025131,0.013363,0.014795,0.047611,0.041086,0.077934,0.058928,0.021927,0.088832,0.091726,0.064469,0.038867,0.09429,0.061195,0.084694,0.017792,0.091264,0.016256,0.013126,0.027643,0.034635,0.0088431,0.019205,0.032619,0,0.044792,0.0088711,0.092414,0.090592,0.010692,0.056636,0.052996,0.049641,0.055159,0.023199,0.071658,0.070091,0.041011,0.063162,0.01002,0.09098,0.056315,0.093032,0.073746
0.08682,0.014615,0.070115,0.064683,0.020811,0.038358,0.07938,0.077293,0.078171,0.050982,0.025695,0.059983,0.056456,0.035446,0.016106,0.052334,0.015484,0.090505,0.070051,0.093391,0.052624,0.027474,0.023059,0.031159,0.036567,0.099455,0.015297,0.083239,0.027375,0.091269,0.04717,0.098611,0.0087278,0.060371,0.0038331,0.029386,0.048532,0.016866,0.060893,0.050465,0.078565,0.014092,0.034425,0.014533,0.048842,0.046985,0.084055,0.05326,0.081733,0.075453,0.0039028,0.010437,0.029011,0.05447,0.012153,0.060567,0.066007,0.03606,0.026655,0.088892,0.037512,0.067437,0.032382,0.080922,0.0089176,0.034075,0.050082,0.013179,0.096559,0.040858,0.097123,0.063709,0.046062,0.025156,0.017796,0.058902,0.015952,0.040169,0.063818,0.070071,0.044792,0,0.097948,0.043907,0.095353,0.076048,0.056984,0.081921,0.072451,0.025278,0.05839,0.037915,0.032308,0.025984,0.034268,0.017277,0.012065,0.085408,0.08864,0.094806
0.079143,0.097824,0.0099187,0.069911,0.013582,0.031561,0.041289,0.0025724,0.061903,0.050089,0.034479,0.00077963,0.068794,0.035003,0.098207,0.081655,0.043657,0.057265,0.097133,0.093506,0.053808,0.091781,0.07612,0.097868,0.041919,0.018472,0.08873,0.097362,0.08539,0.0048129,0.020244,0.083052,0.032337,0.088826,0.013205,0.095385,0.023106,0.0053978,0.059378,0.090565,0.082883,0.092461,0.041095,0.056241,0.066173,0.015821,0.086255,0.040716,0.080194,0.018319,0.098772,0.085995,0.082384,0.040561,0.006863,0.061072,0.099098,0.043664,0.015858,0.088683,0.01637,0.00017359,0.086436,0.097404,0.072157,0.072066,0.054994,0.060202,0.010606,0.068864,0.082555,0.078801,0.010027,0.09155,0.036198,0.032467,0.095665,0.0090819,0.075382,0.037571,0.0088711,0.097948,0,0.037712,0.050152,0.097274,0.080129,0.07507,0.09219,0.039692,0.0014234,0.015427,0.0012864,0.076363,0.095666,0.092512,0.087247,0.045189,0.076456,0.035105
0.050173,0.09281,0.0248,0.092113,0.015194,0.022985,0.08359,0.078243,0.069991,0.084789,0.012964,0.016147,0.020168,0.053215,0.087748,0.058785,0.032585,0.068572,0.0075487,0.028718,0.059274,0.017319,0.021098,0.089149,0.087796,0.018556,0.030175,0.03493,0.0177,0.01799,0.078145,0.067622,0.053955,0.062131,0.026226,0.031218,0.085371,0.005909,0.033636,0.094249,0.013024,0.075643,0.0066598,0.094801,0.065367,0.010325,0.040027,0.057021,0.063199,0.026977,0.074009,0.037375,0.077298,0.074274,0.094398,0.0097803,0.031935,6.1099e-05,0.049793,0.096837,0.0024041,0.049993,0.041624,0.082718,0.071872,0.0041973,0.076457,0.018303,0.059606,0.059953,0.084732,0.085938,0.015314,0.073549,0.086362,0.09494,0.038324,0.0093471,0.019896,0.036088,0.092414,0.043907,0.037712,0,0.033212,0.0092125,0.081724,0.088818,0.069134,0.01744,0.040855,0.01575,0.065078,0.088071,0.033334,0.078842,0.065139,0.033831,0.06079,0.066788
0.049945,0.060916,0.080778,0.061542,0.040562,0.047112,0.00073065,0.043661,0.016036,0.04692,0.081644,0.054709,0.0041359,0.027979,0.0052741,0.035158,0.014036,0.035983,0.020215,0.029126,0.07497,0.078999,0.099415,0.08769,0.020671,0.021029,0.094263,0.06669,0.0089812,0.048903,0.015446,0.087553,0.088482,0.065927,0.0027001,0.095805,0.064596,0.0090006,0.0282,0.076695,0.01959,0.0024929,0.013174,0.034901,0.068953,0.0095606,0.049922,0.013197,0.062685,0.054386,0.060379,0.080454,0.052239,0.010105,0.067841,0.081854,0.037602,7.2029e-06,0.0016285,0.025953,0.094277,0.040085,0.014994,0.030496,0.016569,0.037415,0.066423,0.073166,0.013497,0.024843,0.097638,0.070385,0.042759,0.014381,0.045854,0.060025,0.075414,0.018624,0.082297,0.022885,0.090592,0.095353,0.050152,0.033212,0,0.037569,0.050606,0.081342,0.07963,0.076255,0.038337,0.046256,0.018991,0.054836,0.067104,0.077883,0.04315,0.0085169,0.074767,0.088817
0.090445,0.086634,0.092253,0.056374,0.018632,0.067659,0.03573,0.018018,0.041346,0.080096,0.025128,0.066499,0.017696,0.043209,0.009582,0.030095,0.07197,0.038354,0.04384,0.00090919,0.017253,0.0083199,0.065513,0.043491,0.064248,0.051791,0.013162,0.042929,0.099345,0.038066,0.083894,0.004869,0.01798,0.070321,0.029785,0.042325,0.053377,0.077163,0.023802,0.062561,0.0718,0.021887,0.048928,0.088591,0.099957,0.078656,0.016283,0.062692,0.032639,0.059954,0.074861,0.086253,0.0061527,0.060731,0.041507,0.041407,0.037303,0.024261,0.050762,0.097806,0.045789,0.097631,0.0043576,0.055215,0.087538,0.029948,0.0062944,0.059399,0.019072,0.029575,0.02354,0.06308,0.0037771,0.044909,0.021375,0.038779,0.0033661,0.094454,0.045936,0.079051,0.010692,0.076048,0.097274,0.0092125,0.037569,0,0.05031,0.022276,0.083725,0.079304,0.014365,0.0035016,0.052025,0.045146,0.0026174,0.087731,0.013716,0.089488,0.02982,0.068933
0.065097,0.050389,0.064439,0.075926,0.032892,0.054818,0.076166,0.015148,0.091553,0.07363,0.090863,0.060888,0.062559,0.035769,0.088555,0.026391,0.010462,0.032481,0.052529,0.018099,0.0541,0.02931,0.096499,0.035107,0.04333,0.084506,0.034033,0.065162,0.05274,0.0067469,0.030256,0.0494,0.066842,0.099631,0.063541,0.077109,0.025855,0.019888,0.023863,0.051919,0.061869,0.0099882,0.040624,0.097119,0.065055,0.078291,0.0079982,0.048056,0.006652,0.043464,0.054613,0.085728,0.039221,0.082937,0.025858,0.0050662,0.091398,0.07087,0.068363,0.076026,0.0030832,0.062013,0.051674,0.057099,0.057993,0.020997,0.082702,0.031836,0.044252,0.01839,0.026432,0.0073339,0.074952,0.039093,0.062329,0.014614,0.037218,0.01476,0.035593,0.048208,0.056636,0.056984,0.080129,0.081724,0.050606,0.05031,0,0.015171,0.004705,0.047836,0.073985,0.072649,0.09264,0.093526,0.086177,0.090972,0.0018417,0.044471,0.072126,0.076277
0.01061,0.099922,0.066376,0.046956,0.0067412,0.050931,0.055288,0.03129,0.036236,0.074924,0.080169,0.06007,0.029602,0.067737,0.040021,0.054654,0.064585,0.068893,0.065571,0.020932,0.095455,0.047836,0.046153,0.048116,0.014979,0.011623,0.068357,0.085552,0.014465,0.044321,0.0017446,0.0091545,0.068016,0.09426,0.046385,0.095874,0.049868,0.078357,0.066822,0.0375,0.0067799,0.064704,0.044339,0.015011,0.0072437,0.076826,0.017779,0.021528,0.057317,0.063646,0.021965,0.044657,0.070918,0.001823,0.055747,0.054833,0.00097311,0.045227,0.033611,0.034743,0.043625,0.038562,0.062755,0.070689,0.023985,0.069335,0.019507,0.043782,0.065431,0.019529,0.077454,0.0064769,0.0030503,0.099817,0.069379,0.094837,0.088791,0.096237,0.010066,0.09006,0.052996,0.081921,0.07507,0.088818,0.081342,0.022276,0.015171,0,0.085647,0.0085622,0.032479,0.075187,0.046753,0.0083413,0.033517,0.093039,0.036574,0.089358,0.090146,0.055232
0.046263,0.09377,0.091264,0.06056,0.087941,0.032308,0.077201,0.035199,0.03118,0.080926,0.052489,0.036362,0.06391,0.019402,0.073177,0.026287,0.023812,0.052236,0.080947,0.042309,0.062713,0.018015,0.065749,0.029684,0.098925,0.045021,0.035138,0.058496,0.08836,0.081236,0.068277,0.099416,0.022054,0.091907,0.089507,0.089094,0.028268,0.031277,0.051613,0.092591,0.053416,0.067958,0.011246,0.060659,0.027968,0.011533,0.087323,0.066919,0.014415,0.078021,0.038913,0.031491,0.086111,0.091519,0.027234,0.085445,0.0066246,0.063425,0.087876,0.011676,0.092157,0.060486,0.0045065,0.0034714,0.012689,0.086536,0.052408,0.018816,0.0083342,0.027664,0.010064,0.089126,0.086517,0.028834,0.012183,0.073235,0.024151,0.006922,0.035447,0.042306,0.049641,0.072451,0.09219,0.069134,0.07963,0.083725,0.004705,0.085647,0,0.061817,0.038294,0.045059,0.086789,0.036804,0.092007,0.040401,0.0017309,0.052718,0.0044069,0.0067512
0.044033,0.073989,0.025425,0.040019,0.078323,0.07146,0.066657,0.036715,0.017929,0.044269,0.08136,0.015075,0.0020693,0.080864,0.035262,0.022114,0.081113,0.01044,0.025323,0.080525,0.030474,0.070205,0.067895,0.028135,0.019493,0.026952,0.015935,0.026076,0.011555,0.054792,0.066006,0.044136,0.048915,0.09523,0.019777,0.083714,0.029899,0.064307,0.048065,0.0061264,0.048325,0.063812,0.038515,0.026199,0.06078,0.041692,0.036424,0.0050079,0.050481,0.062037,0.09467,0.074648,0.088528,0.045039,0.057733,0.062246,0.02394,0.013017,0.025351,0.023231,0.025018,0.020507,0.078909,0.0465,0.0079811,0.0056451,0.064844,0.011891,0.049841,0.061881,0.022698,0.096225,0.075,0.038837,0.029398,0.089823,0.0386,0.0012075,0.013363,0.063246,0.055159,0.025278,0.039692,0.01744,0.076255,0.079304,0.047836,0.0085622,0.061817,0,0.098905,0.028686,0.042194,0.0033132,0.024608,0.028915,0.047144,0.045301,0.034249,0.057494
0.062356,0.041306,0.04187,0.054015,0.0074818,0.05704,0.083091,0.029629,0.064406,0.013784,0.084453,0.082414,0.075267,0.091681,0.04514,0.070592,0.067636,0.040706,0.090959,0.086144,0.023482,0.056461,0.050037,0.094757,0.0016323,0.030962,0.096642,0.084838,0.0099305,0.004152,0.090912,0.055382,0.084235,0.03135,0.052003,0.019535,0.0013121,0.094655,0.053397,0.010044,0.04514,0.074855,0.053209,0.092846,0.039492,0.016016,0.084649,0.016375,0.085406,0.084316,0.048447,0.077395,0.084543,0.039974,0.055993,0.051727,0.029223,0.092161,0.040301,0.090937,0.048359,0.040913,0.069906,0.084015,0.019082,0.086644,0.061676,0.044225,0.065396,0.011844,0.071203,0.010294,0.056721,0.073733,0.091897,0.087961,0.037025,0.070904,0.038078,0.044511,0.023199,0.05839,0.0014234,0.040855,0.038337,0.014365,0.073985,0.032479,0.038294,0.098905,0,0.014233,0.088762,0.0046005,0.0077658,0.076871,0.013166,0.0014136,0.02384,0.019939
0.059587,0.047811,0.081629,0.05737,0.021062,0.043105,0.043279,0.087123,0.0747,0.039664,0.016646,0.054183,0.0020255,0.012034,0.063411,0.048479,0.099483,0.065897,0.097233,0.08807,0.070458,0.0083358,0.044178,5.2199e-05,0.067862,0.077484,0.091188,0.035425,0.054383,0.065316,0.017754,0.098479,0.00027325,0.019577,0.046825,0.055689,0.02541,0.099496,0.044664,0.0055288,0.069643,0.023766,0.029969,0.025605,0.0087146,0.056742,0.026614,0.0032025,0.064009,0.06009,0.019107,0.068791,0.031048,0.04265,0.038152,0.062468,0.078455,0.059463,0.065158,0.058943,0.015915,0.0042133,0.013702,0.028267,0.075692,0.041502,0.014565,0.073402,0.06695,0.063547,0.054285,0.025207,0.00739,0.038718,0.095467,0.0024173,0.059134,0.088438,0.05819,0.071632,0.071658,0.037915,0.015427,0.01575,0.046256,0.0035016,0.072649,0.075187,0.045059,0.028686,0.014233,0,0.037149,0.064059,0.028344,0.094388,0.084485,0.026783,0.0070693,0.051819
0.087068,0.0065958,0.00013468,0.030667,0.039632,0.028592,0.064905,0.026023,0.098604,0.067291,0.066725,0.078936,0.0069405,0.024325,0.050987,0.086573,0.099739,0.060983,0.002318,0.090563,0.078738,0.050855,0.075462,0.061101,0.042215,0.024658,0.020631,0.032351,0.035683,0.0408,0.05144,0.090879,0.011694,0.018004,0.046911,0.031214,0.093196,0.087776,0.098941,0.019438,0.081941,0.061421,0.023523,0.079211,0.043343,0.012968,0.057025,0.012784,0.021793,0.046776,0.048974,0.019345,0.012013,0.067558,0.099016,0.065719,0.022641,0.082799,0.037267,0.069747,0.064495,0.0025331,0.029773,0.090562,0.065823,0.030199,0.058084,0.037065,0.016907,0.004142,0.098237,0.058489,0.061813,0.028002,0.090224,0.043998,0.024269,0.0043488,0.01219,0.049738,0.070091,0.032308,0.0012864,0.065078,0.018991,0.052025,0.09264,0.046753,0.086789,0.042194,0.088762,0.037149,0,0.051019,0.030294,0.02794,0.095741,0.079866,0.044843,0.095145
0.093741,0.061928,0.036781,0.04093,0.071957,0.063328,0.057363,0.081443,0.014637,0.026638,0.037448,0.010306,0.073937,0.032602,0.059541,0.089189,0.02879,0.074153,0.047657,0.041475,0.082769,0.052445,0.047624,0.086079,0.013066,0.012457,0.013217,0.065271,0.097823,0.058863,0.041723,0.00089615,0.089584,0.097529,0.099142,0.092228,0.018216,0.056208,0.049994,0.086441,0.03686,0.090352,0.06153,0.07721,0.073157,0.097356,0.079141,0.046016,0.076492,0.09721,0.025603,0.091574,0.033459,0.018145,0.043434,0.076057,0.091636,0.050179,0.037472,0.077158,0.018976,0.047699,0.058116,0.085736,0.067146,0.019345,0.093351,0.059893,0.06539,0.037543,0.032807,0.0032114,0.043845,0.082111,0.06523,0.099447,0.059987,0.051867,0.0072206,0.066295,0.041011,0.025984,0.076363,0.088071,0.054836,0.045146,0.093526,0.0083413,0.036804,0.0033132,0.0046005,0.064059,0.051019,0,0.062216,0.037113,0.019613,0.020537,0.0070638,0.011827
0.072749,0.098481,0.053448,0.077988,0.099153,0.063659,0.027327,0.060308,0.063604,0.091109,0.061564,0.094366,0.025573,0.019821,0.044387,0.087717,0.034839,0.010752,0.076474,0.089628,0.018864,0.067352,0.051589,0.086196,0.029815,0.03033,0.02211,0.013983,0.095901,0.068068,0.080479,0.053621,0.082146,0.026243,0.069571,0.085103,0.0087153,0.096579,0.070092,0.0075536,0.094284,0.096246,0.038875,0.057694,0.081716,0.0076544,0.086531,0.018137,0.083467,0.084104,0.050862,0.052002,0.03669,0.09236,0.070023,0.099073,0.096897,0.0092728,0.03706,0.053016,0.0080593,0.070431,0.034697,0.011229,0.09419,0.020735,0.00098048,0.086856,0.067863,0.01717,0.017666,0.089586,0.0080977,0.0071843,0.0023435,0.057251,0.032539,0.052491,0.040191,0.062923,0.063162,0.034268,0.095666,0.033334,0.067104,0.0026174,0.086177,0.033517,0.092007,0.024608,0.0077658,0.028344,0.030294,0.062216,0,0.027321,0.073774,0.064282,0.090404,0.096861
0.047157,0.069072,0.0093759,0.0057598,0.08252,0.009079,0.020638,0.079324,0.068173,0.046999,0.089777,0.040853,0.065855,0.095842,0.030182,0.072486,0.07519,0.018563,0.056838,0.0061113,0.068328,0.066873,0.01342,0.08931,0.016966,0.054411,0.0034614,0.081456,0.05951,0.04058,0.064404,0.036634,0.099997,0.070605,0.01968,0.082957,0.030249,0.052302,0.062486,0.00047512,0.077537,0.02124,0.020398,0.07948,0.02699,0.083079,0.099726,0.039538,0.089964,0.053084,0.0082251,0.041855,0.0018904,0.090152,0.037496,0.0011844,0.050115,0.044338,0.085244,0.050086,0.01122,0.07914,0.093483,0.085589,0.015501,0.0081301,0.062826,0.0096957,0.0033433,0.032361,0.064505,0.058428,0.067218,0.079269,0.038019,0.0079293,0.043419,0.078547,0.030488,0.073403,0.01002,0.017277,0.092512,0.078842,0.077883,0.087731,0.090972,0.093039,0.040401,0.028915,0.076871,0.094388,0.02794,0.037113,0.027321,0,0.0055588,0.069367,0.045107,0.086063
0.015165,0.042262,0.032421,0.055641,0.018444,0.02149,0.056526,0.090865,0.06999,0.088546,0.074319,0.044468,0.01186,0.093927,0.059645,0.033101,0.0293,0.050408,0.084478,0.094566,0.084831,0.054402,0.052084,0.052622,0.062508,0.027881,0.052189,0.033024,0.027509,0.037291,0.098632,0.075335,0.044599,0.084578,0.050142,0.055187,0.074276,0.027242,0.038635,0.075361,0.049347,0.066518,0.090187,0.033429,0.029557,0.06181,0.018248,0.021215,0.080635,0.010872,0.067731,0.019488,0.037179,0.053972,0.025114,0.071915,0.032116,0.0037639,0.081186,0.004531,0.029752,0.030392,0.053639,0.01202,0.079527,0.050255,0.022799,0.083128,0.011344,0.099932,0.07583,0.051846,0.047662,0.027251,0.096316,0.031945,0.045295,0.053322,0.078338,0.041234,0.09098,0.012065,0.087247,0.065139,0.04315,0.013716,0.0018417,0.036574,0.0017309,0.047144,0.013166,0.084485,0.095741,0.019613,0.073774,0.0055588,0,0.0097073,0.052784,0.005637
0.0061672,0.05585,0.014438,0.036828,0.020119,1.8024e-05,0.081,0.090307,0.044065,0.036583,0.036481,0.028787,0.083509,0.097588,0.021429,0.066601,0.044075,0.041279,0.084655,0.050236,0.022902,0.071204,0.043218,0.041595,0.093127,0.014712,0.0019838,0.042402,0.09468,0.073077,0.031191,0.015508,0.098911,0.08529,0.06736,0.026952,0.090255,0.026571,0.085365,0.041913,0.0085687,0.093546,0.082357,0.093245,0.063703,0.098652,0.062925,0.042909,0.027702,0.082933,0.092946,0.095458,0.016692,0.018037,0.094771,0.063207,0.054644,0.064661,0.099024,0.081309,0.091336,0.055912,0.031286,0.044396,0.026596,0.014272,0.076705,0.060901,0.021777,0.046935,0.079468,0.058607,0.091357,0.075201,0.080933,0.072701,0.084538,0.061589,0.061352,0.00096807,0.056315,0.085408,0.045189,0.033831,0.0085169,0.089488,0.044471,0.089358,0.052718,0.045301,0.0014136,0.026783,0.079866,0.020537,0.064282,0.069367,0.0097073,0,0.097139,0.081018
0.020654,0.017501,0.091082,0.02696,0.018943,0.043545,0.091241,0.019012,0.070902,0.076364,0.027215,0.029507,0.096122,0.02134,0.038059,0.066773,0.037416,0.068313,0.097532,0.066892,0.069743,0.02475,0.087253,0.077657,0.014008,0.025278,0.055708,0.050985,0.097601,0.077991,0.024295,0.008868,0.080345,0.070319,0.092565,0.040248,0.025517,0.073993,0.040561,0.053923,0.015875,0.096961,0.056556,0.013014,0.0531,0.023743,0.086002,0.091989,0.058504,0.034099,0.099418,0.068112,0.017886,0.023584,0.07364,0.055546,0.0039626,0.055715,0.097523,0.070883,0.096641,0.089962,0.058017,0.071334,0.084369,0.068829,0.016247,0.01404,0.034558,0.081274,0.0004961,0.023773,0.0031866,0.067694,0.085161,0.076941,0.057645,0.02688,0.091612,0.083665,0.093032,0.08864,0.076456,0.06079,0.074767,0.02982,0.072126,0.090146,0.0044069,0.034249,0.02384,0.0070693,0.044843,0.0070638,0.090404,0.045107,0.052784,0.097139,0,0.027429
0.031955,0.08382,0.0061059,0.020527,0.028419,0.0733,0.057037,0.062393,0.025672,0.016957,0.023935,0.0091035,0.085484,0.087946,0.069138,0.023639,0.061578,0.031137,0.04519,0.016344,0.022719,0.0043076,0.02982,0.04734,0.034371,0.082879,0.014274,0.0087443,0.090639,0.090376,0.023456,0.05078,0.055063,0.063833,0.057279,0.053147,0.09191,0.0015941,0.020733,0.058276,0.074123,0.052643,0.095777,0.098595,0.079841,0.072725,0.015639,0.0849,0.0051551,0.064426,0.044188,0.0013319,0.014804,0.061794,0.093365,0.063859,0.091993,0.074079,0.037865,0.036141,0.092666,0.040795,0.0016093,0.0088012,0.07059,0.089941,0.082993,0.048504,0.027489,0.04646,0.070302,0.076301,0.099156,0.07198,0.045697,0.051387,0.035521,0.048458,0.071122,0.081815,0.073746,0.094806,0.035105,0.066788,0.088817,0.068933,0.076277,0.055232,0.0067512,0.057494,0.019939,0.051819,0.095145,0.011827,0.096861,0.086063,0.005637,0.081018,0.027429,0
